OBSID,rmid,lambda,Lx,Z,MEM_MATCH_ID
0401170101,196,26.0292,2.48386e+42,0.28613323,196
0650382401,1238,68.712616,1.78546e+44,0.35498303,1238
0605391501,1378,84.62356,3.97226e+43,0.37327638,1378
0673150401,1380,41.66555,4.19547e+42,0.5134825,1380
0146990201,3184,68.087166,2.9041300000000003e+43,0.47753376,3184
0066950201,3893,42.13845,5.2905200000000004e+42,0.29298607,3893
0302581501,3950,110.297676,4.9269300000000005e+42,0.55963725,3950
0650384901,5151,53.28984000000001,3.62335e+43,0.37266624,5151
0650381701,5668,51.764343,6.726350000000001e+42,0.40198845,5668
0670880501,5985,55.669617,7.709830000000001e+42,0.4228018,5985
0012440101,6172,56.798485,2.7279500000000003e+43,0.40984884,6172
0405200101,7145,29.903963,6.21188e+42,0.401631,7145
0161560141,8473,38.065376,1.49288e+43,0.36808655,8473
0743350501,8823,26.898733,4.6960800000000005e+42,0.34987290000000004,8823
0111270101,9275,20.811998000000006,1.25374e+41,0.24608916,9275
0723800301,9328,33.076996,2.5957300000000002e+42,0.26772812,9328
0203362201,10096,59.31555,2.44004e+43,0.47694117,10096
0747440140,10228,43.892776,1.6197800000000002e+42,0.32634640000000004,10228
0655380101,10245,44.808075,7.43733e+42,0.28312653,10245
0747390134,10431,31.5515,2.9992200000000003e+43,0.3713877,10431
0553911301,10465,26.730928,1.119e+43,0.2975193,10465
0556560101,10732,28.103876,4.70932e+42,0.29111058,10732
0111260701,11150,32.268486,1.9081900000000001e+43,0.4412042000000001,11150
0556210301,11795,43.969048,2.40087e+43,0.41612938,11795
0677600137,12193,33.290565,3.00768e+43,0.34813845,12193
0143650801,12653,20.339094,2.90417e+42,0.17265737,12653
0111260701,12855,22.62734,9.460090000000001e+42,0.4408566,12855
0305750501,13004,52.96948199999999,1.9230400000000001e+43,0.44942766,13004
0206180201,13775,52.92372,2.3468200000000003e+42,0.45197397,13775
0674660201,13932,27.615717,9.715700000000001e+42,0.33685985,13932
0652010401,14402,70.28388000000001,2.2583800000000003e+43,0.5392811,14402
0203170101,14439,25.785120000000006,5.09163e+42,0.342017,14439
0404911201,14485,23.039225,8.637220000000001e+42,0.25809896,14485
0306050201,15414,59.89524,4.6243700000000003e+42,0.49234867,15414
0677670134,15904,33.000725,3.77308e+42,0.42393395,15904
0651890301,16189,34.099083,2.08692e+42,0.4234059,16189
0084230201,16263,25.617315,1.91171e+45,0.44624546,16263
0145020101,16396,42.74865,1.02495e+43,0.436015,16396
0780450501,17793,54.76957,1.50263e+43,0.50006837,17793
0206430101,18460,20.750978,5.79573e+42,0.5237890000000001,18460
0741300101,19466,32.970215,1.8486900000000002e+42,0.3692214,19466
0790181901,19669,29.248,4.0475600000000004e+42,0.35408774,19669
0404965401,20437,21.117098,1.4190200000000002e+43,0.26208878,20437
0693180201,20808,34.541473,4.07748e+42,0.34063596,20808
0201470101,21216,34.86183,1.9164200000000002e+43,0.4386382,21216
0674810101,21258,73.0908,4.1567600000000004e+43,0.51251125,21258
0550360101,21378,26.166494,1.54726e+43,0.31972268,21378
0404964801,21551,25.144411,1.34003e+43,0.29327783,21551
0655380201,21682,39.484085,1.04962e+43,0.41757116,21682
0672910101,22258,28.058111,1.4006200000000002e+43,0.56613123,22258
0674740101,22430,21.239138,3.10055e+42,0.19532652,22430
0102040301,23141,29.21749,3.82099e+42,0.38028783,23141
0747390152,23220,22.612085,3.8851e+43,0.25040984,23220
0761730401,23958,36.05172,1.27213e+42,0.42514956,23958
0692330401,24726,55.22722,1.28266e+43,0.50097215,24726
0200730101,24955,59.84948000000001,1.7706600000000002e+43,0.5669503,24955
0102040301,25578,23.740953,4.09038e+42,0.3485581,25578
0795711401,26000,37.04329,4.47657e+43,0.43366513,26000
0677670131,26349,36.12799,9.35214e+42,0.41752025,26349
0403760301,26587,29.293764000000003,2.95219e+42,0.3993315,26587
0693661301,27718,41.6808,6.911020000000001e+42,0.47049004,27718
0203220101,29424,26.959753000000006,4.5791700000000003e+42,0.3780622,29424
0149880101,29721,20.156034,8.9022e+42,0.3961959000000001,29721
0112240301,30870,20.583174,8.154410000000001e+42,0.30426243,30870
0503600301,31079,26.547869,2.1918e+43,0.4001499,31079
0206430101,31101,31.566755,7.28947e+42,0.47772646,31101
0760540101,31129,41.51300000000001,3.45547e+42,0.52699655,31129
0142830101,31258,57.805313,4.31347e+42,0.50576097,31258
0146990201,31456,34.98387,2.4107900000000003e+43,0.4232584,31456
0502500101,31541,22.154436,3.57341e+42,0.4440076,31541
0723800301,33287,22.078161,2.01582e+42,0.28329387,33287
0785101901,33512,24.320642000000007,9.389680000000001e+42,0.31039520000000004,33512
0780451201,34223,23.985033,4.8468300000000004e+42,0.37925896,34223
0693662501,34319,23.283304,4.16611e+42,0.4843084,34319
0560192001,34444,31.58201,6.34663e+42,0.44598693,34444
0414980101,34608,29.12596,1.0468200000000001e+43,0.47033128,34608
0302820101,34839,57.073074,2.80582e+43,0.5554576999999999,34839
0503610101,35265,20.552664,7.181330000000001e+41,0.35341406,35265
0403100101,35709,20.903528,2.0197800000000002e+42,0.21282214,35709
0044740201,36184,32.573586,1.46493e+43,0.45537594,36184
0670040101,36618,21.071333,4.3654300000000004e+42,0.34257236,36618
0553560801,36883,23.588404,4.68611e+43,0.48138103,36883
0020540401,37702,26.639399,3.66041e+41,0.43935844,37702
0082990101,37714,20.659449,2.92221e+42,0.37977055,37714
0404450101,37729,22.8104,3.29391e+42,0.34751457,37729
0673150201,38145,23.786718,6.28466e+42,0.31296507,38145
0650590401,38237,21.940866,5.38491e+42,0.3086879,38237
0742830148,38945,22.87142,7.13041e+42,0.34265646,38945
0109661001,39064,25.63257,6.07858e+42,0.37719515,39064
0301340501,39358,42.48932,1.27328e+43,0.539579,39358
0748190101,39572,28.225916,5.39067e+43,0.49930465,39572
0762870601,40398,20.38486,2.2256700000000002e+42,0.35644737,40398
0790181901,40466,33.229546,3.44257e+42,0.48308307,40466
0553440601,40522,22.230711,8.87775e+42,0.43685743,40522
0693180901,41088,20.781488,1.09862e+43,0.4883452999999999,41088
0128531401,41150,35.24320200000001,1.3141200000000001e+43,0.509359,41150
0655380901,41882,50.147316,5.13382e+42,0.53576005,41882
0411980201,42018,40.979073,2.26293e+43,0.5349001999999999,42018
0700180201,42227,39.484085,1.8482400000000002e+43,0.42324024,42227
0200730301,43877,24.854567000000007,2.95807e+43,0.33171597,43877
0670300101,44007,45.586075,1.3267800000000002e+43,0.5037318000000001,44007
0203450101,45193,32.131187,2.33524e+43,0.498795,45193
0783880501,45665,32.497307,3.80167e+42,0.4528745,45665
0305751001,46673,22.520555,2.62317e+42,0.2943499,46673
0693661101,46938,37.882317,2.25979e+43,0.55173427,46938
0056020701,46954,35.395752,4.6423100000000004e+42,0.5134626,46954
0674360101,47181,25.464766,1.5345700000000001e+43,0.4040784,47181
0674740101,48843,27.661482,3.06469e+42,0.4156435000000001,48843
0605000301,49303,50.330376,4.6901100000000006e+42,0.5416328,49303
0652810201,51338,22.032396,6.751720000000001e+42,0.43779743,51338
0203361801,52747,28.97341,1.98253e+42,0.39524013,52747
0747440150,53156,25.434256,1.20084e+43,0.45773286,53156
0762470101,53666,20.567919,8.630530000000001e+42,0.35432866,53666
0763460201,53852,20.842508,6.03341e+42,0.41693136,53852
0200430501,54031,31.58201,1.19372e+43,0.49512708,54031
0603500701,54257,23.23754,4.1225000000000005e+42,0.35636222,54257
0784521101,54445,20.07976,2.9469300000000003e+41,0.37153244,54445
0143150201,54899,25.220686,7.02208e+41,0.40905398,54899
0110930401,55078,25.556295,7.392490000000001e+42,0.38703525,55078
0001930101,55188,36.25003,1.42625e+43,0.51367587,55188
0147580301,55415,20.01874,4.32163e+42,0.36438605,55415
0601970101,57046,25.083391,9.58353e+42,0.41912356,57046
0723802101,58252,23.313814,2.9994800000000004e+42,0.4326528,58252
0502500101,58930,24.976606,5.34761e+42,0.39166617,58930
0056020701,59552,31.902365000000003,8.85213e+42,0.47923762,59552
0653450501,61878,27.997091,1.5592700000000001e+43,0.53549206,61878
0203390801,63047,32.863426000000004,2.4139e+43,0.47219083,63047
0782330301,63240,24.213858,3.5919200000000004e+42,0.4095343,63240
0694440501,63711,44.121597,7.183820000000001e+42,0.503754,63711
0693990201,64407,27.158068,2.7755700000000003e+42,0.46429247,64407
0502860101,64790,20.14078,5.3892200000000005e+42,0.538851,64790
0037982601,65029,35.029633000000004,2.31419e+43,0.51365983,65029
0404966301,65760,22.612085,5.92277e+42,0.44735345,65760
0037980701,66811,23.740953,8.17824e+42,0.4364514,66811
0149900301,67524,26.913988,6.72934e+42,0.42347735,67524
0044740201,68944,20.903528,1.32503e+43,0.44239366,68944
0762260101,69759,20.964548,5.77236e+42,0.40664324,69759
0651890301,69827,28.36321,3.57978e+42,0.44531637,69827
0604530101,70596,20.003485,6.69315e+42,0.42922878,70596
0723802201,70750,32.054916,1.45972e+43,0.4455899,70750
0025541601,72505,20.659449,8.06097e+43,0.3688178,72505
0111282601,72610,23.756208,1.9100500000000002e+43,0.47410232,72610
0763780701,73969,36.26529,5.48808e+42,0.4945958,73969
0005210101,77836,24.122328,8.99747e+42,0.4615395000000001,77836
0147630101,80606,26.21226,9.496730000000001e+42,0.51725745,80606
0146990201,80720,23.756208,3.7038400000000003e+43,0.4870112,80720
0605000501,80950,22.99346,3.14553e+43,0.4883122,80950
0765081001,83532,31.200636,1.12304e+43,0.56165045,83532
0651100301,85080,23.451109,3.57779e+43,0.4469876,85080
0505400101,85532,27.676737,1.12689e+43,0.47232103,85532
0693010401,86675,20.125525,1.4701000000000001e+43,0.57194453,86675
0784521701,87721,26.349554,2.43465e+43,0.50897205,87721
0653810501,88909,24.320642000000007,8.971490000000001e+42,0.45567214,88909
0085640201,89929,22.093416,2.0383100000000003e+42,0.38692218,89929
0673110201,90788,24.976606,6.78332e+42,0.4623488,90788
0744930401,91019,28.180151,9.964860000000001e+42,0.53103286,91019
0693010601,93096,20.903528,7.21753e+42,0.49576908,93096
0504102001,94547,21.254393,9.65604e+42,0.5155031,94547
0694580101,95002,26.608889,6.8761e+43,0.5043488,95002
0677690133,96753,21.940866,1.9437800000000001e+43,0.44490343,96753
0106061101,100455,35.76187,9.312450000000001e+42,0.55925167,100455
0783881201,102337,23.20703,1.2291900000000002e+43,0.4748549,102337
0111550401,102606,27.325872,6.91992e+42,0.4618037,102606
0060370901,103516,21.345922,6.94123e+43,0.5256783,103516
0152530101,106108,21.178118,3.93671e+42,0.3947593,106108
0305920101,107804,21.467962,1.29697e+43,0.51361537,107804
0504102001,108125,22.84091,5.941270000000001e+42,0.5028439,108125
0203361201,110316,21.422197,3.12101e+42,0.4861792,110316
0551870301,110719,22.398516,6.095320000000001e+42,0.5265624,110719
0300210701,111304,29.141214,3.1832900000000003e+43,0.5386554,111304
0017940101,113137,28.36321,1.06398e+43,0.5579531,113137
0099030101,115156,20.659449,3.1724800000000004e+43,0.5594409,115156
0553440601,115293,20.522154,6.53774e+43,0.5385875,115293
0723801201,116210,22.047651,5.95842e+42,0.51576024,116210
0601780401,116258,20.125525,3.57725e+43,0.49181703,116258
0112552001,116467,21.605257,1.6079100000000002e+45,0.46530694,116467
0210280101,116924,31.82609,6.94543e+42,0.57800746,116924
0655380901,117257,23.939268,2.07412e+43,0.4418988,117257
0502220301,117465,24.518957,6.90084e+42,0.5630129,117465
0503600201,117621,20.811998000000006,1.7221200000000002e+43,0.55057573,117621
0502120101,119561,29.354784,3.9492700000000003e+42,0.5145858,119561
0300530501,120437,29.080194,6.7814e+43,0.52861726,120437
0401270301,120449,26.0292,3.09702e+43,0.4952388,120449
0065140201,124305,23.35958,5.592860000000001e+42,0.44918776,124305
0400830301,124465,21.193373,7.9744e+42,0.52736306,124465
0722140401,124569,23.02397,1.1095500000000001e+43,0.5349662,124569
0112240301,124755,22.001886,9.591770000000001e+42,0.41946277,124755
0556212101,124994,26.18175,3.6189900000000004e+43,0.44381517,124994
0503490201,126870,22.230711,2.2317700000000002e+42,0.43235013,126870
0555060501,126937,23.664679,3.24495e+43,0.55453306,126937
0503600201,127765,28.347956,1.1430900000000002e+43,0.53018636,127765
0103460801,128915,20.23231,1.41666e+44,0.43220612,128915
0012440101,138488,24.137583,1.11113e+43,0.47965053,138488
0679181401,139356,21.559492,2.45358e+43,0.56501675,139356
0783520501,139378,20.308584,8.01834e+42,0.4804588,139378
0404968001,139578,20.491644,3.56218e+43,0.51431584,139578
0405200101,140524,24.168093,7.88769e+42,0.55468535,140524
0502690601,140713,24.351152,7.28679e+42,0.48399177,140713
0784521101,140841,20.888273,1.99448e+43,0.49392763,140841
0692330401,140919,28.408976000000006,1.00899e+42,0.51502585,140919
0551630301,144097,20.29333,6.71136e+43,0.5294418000000001,144097
0152860101,144744,20.827253,5.62579e+42,0.43021217,144744
0306680201,145064,27.310617,6.10381e+42,0.5130008,145064
0112520101,145586,22.99346,1.0905400000000001e+43,0.5087878,145586
0147110201,145638,25.022371,3.0418100000000003e+43,0.50495344,145638
0143650701,146297,20.644194,2.62438e+43,0.5530793,146297
0691010901,146632,25.861395,2.57152e+43,0.5471050000000001,146632
0304160301,147682,20.796743,1.51493e+43,0.4500535,147682
0744390301,148131,26.944498,1.76577e+43,0.53901434,148131
0551830201,152578,25.90716,2.62081e+42,0.5188282,152578
0723801501,152598,25.525785,1.62043e+43,0.5226581,152598
0300210701,156375,28.79035,1.12339e+43,0.5293736,156375
0653450501,162525,30.010748,1.12883e+43,0.54861486,162525
0061740101,166169,21.483217,3.6180200000000003e+43,0.5220259,166169
0720340301,166273,22.41377,8.37581e+42,0.4904992,166273
0205190201,167202,20.583174,1.0772e+43,0.4823145,167202
0092850101,169307,22.642595,1.0096300000000001e+43,0.5044138,169307
0677182201,170937,31.139616,8.701250000000001e+43,0.56704706,170937
0037980701,171281,24.976606,8.13822e+42,0.5511766,171281
0551830201,173132,23.588404,2.64158e+42,0.5543289,173132
0743900401,173494,25.312216,8.77494e+42,0.5565150999999999,173494
0554540201,177642,22.886675,4.81404e+42,0.5013645,177642
0723800301,178234,20.796743,3.77849e+42,0.47726992,178234
0152860101,178445,20.38486,7.26686e+42,0.4857518,178445
0724791331,180326,21.879847,3.00567e+43,0.50531507,180326
0107860201,180906,21.727297,7.7261e+42,0.5732403,180906
0693661101,181766,22.29173,1.12123e+43,0.5151918,181766
0085030101,184463,25.251196,6.54183e+43,0.55543125,184463
0210490101,184782,27.417402000000006,2.54887e+42,0.5467273,184782
0502430301,187983,25.434256,7.262450000000001e+42,0.51297903,187983
0677681232,188200,20.537409,3.3785300000000004e+44,0.5102749,188200
0764100601,193170,24.168093,8.97174e+42,0.5639576,193170
0654440101,195443,21.071333,4.1672e+42,0.4740459,195443
0740620301,196788,20.949293,5.42838e+42,0.5512439,196788
0404190101,201906,20.247564,8.23267e+42,0.5305631,201906
0201090401,203510,21.086588,1.65785e+43,0.5312014,203510
0112230201,208540,23.17652,7.47547e+42,0.56433946,208540
0600450301,209904,24.656252,1.32781e+43,0.532633,209904
0112370301,211209,21.147608,3.902e+42,0.5136367999999999,211209
0148560501,217135,20.415369,7.302590000000001e+42,0.5289908,217135
0504480301,217660,24.900331,6.6098e+42,0.53489125,217660
0112830201,227176,21.925611,8.51185e+42,0.5728554,227176
0106460101,229566,27.798777,9.492110000000001e+42,0.54386073,229566
0550960301,232796,20.796743,9.46807e+42,0.49287748,232796
0402750601,244828,21.651022,9.604750000000001e+42,0.46667936,244828
0153030101,246814,28.759840000000004,6.095490000000001e+43,0.57335687,246814
0745320101,248678,20.522154,1.09363e+43,0.5269583999999999,248678
0693430401,253257,20.064505,9.310960000000001e+42,0.5200904000000001,253257
0201750201,264012,22.38326,5.1488100000000003e+42,0.5509951999999999,264012
0601780801,277190,20.827253,1.45872e+43,0.5299058000000001,277190
0723260201,282728,24.198603,9.45213e+42,0.48848772,282728
0402830101,289019,22.38326,5.69085e+42,0.5695520000000001,289019
0782500201,292793,20.781488,7.01654e+42,0.5444184,292793
0722660201,296582,20.400114,7.5575e+42,0.54194325,296582
0403100101,297341,20.857763,1.8025e+42,0.5209590000000001,297341
0553300401,313034,25.44951,2.59738e+42,0.52923506,313034
0651780401,318646,22.47479,2.58187e+43,0.5125069,318646
0790380901,326846,20.07976,7.2603e+42,0.52233374,326846
0762920201,333579,20.491644,1.24482e+43,0.5592188,333579
0112371001,341223,20.04925,6.4069e+42,0.51927185,341223
0724030101,347756,22.184946,8.16021e+42,0.5621012,347756
0693430401,359940,21.544237,6.92494e+42,0.5518223000000001,359940
0403100101,361705,25.617315,2.89477e+42,0.5380568,361705
0202180201,398136,23.771463,2.11705e+42,0.5164372,398136
0693010801,471117,20.14078,9.189190000000001e+42,0.5599064,471117
0553870101,493629,21.986631,2.1421200000000002e+42,0.5469841,493629
0501010101,1508,63.373375,3.16264e+45,0.27234572,1508
0651790101,2190,86.22533,4.24081e+43,0.3971565,2190
0747390143,4421,46.989532,4.7177500000000003e+42,0.26503098,4421
0404967001,5542,59.98676999999999,1.43041e+43,0.43191797,5542
0111270101,5568,24.717272,4.10841e+42,0.22767924,5568
0693010101,6047,30.529417,7.57276e+42,0.35762793,6047
0742510701,6576,33.305824,1.1452800000000001e+45,0.29901165,6576
0674660201,11885,75.08919499999998,1.32588e+43,0.5275486,11885
0202770301,12376,41.65029000000001,3.08634e+43,0.4020296,12376
0747390144,12831,29.400549,8.500080000000001e+42,0.26245114,12831
0677630134,13616,28.48525,1.11619e+43,0.30441907,13616
0673000132,13727,27.707247,2.08672e+43,0.34893528,13727
0200650101,14435,39.545105,6.21585e+42,0.37892947,14435
0110990201,14498,34.358414,1.08896e+43,0.36674014,14498
0655800501,15045,49.201508,3.10522e+43,0.47012135,15045
0722530101,17350,25.63257,8.79428e+42,0.30523765,17350
0083240201,17739,44.518227,3.0366e+43,0.47838852,17739
0106061301,17843,53.884780000000006,2.65883e+43,0.47705847,17843
0401270401,18443,22.62734,3.7705300000000004e+42,0.26980698,18443
0655346842,18692,24.351152,1.3584800000000001e+43,0.26586705,18692
0763300101,19217,35.42626,8.0246e+42,0.4000644,19217
0148742101,19770,27.630972,2.51812e+43,0.35518384,19770
0650380601,19981,35.45677,4.6341e+42,0.38480294,19981
0551720101,20002,46.287804,1.28703e+43,0.48881105,20002
0650382001,20039,24.396917,7.92471e+42,0.33512938,20039
0655380601,20669,34.114334,7.19041e+43,0.393421,20669
0202870201,21754,25.7241,8.89306e+42,0.37426534,21754
0083240201,22096,28.653055,2.86889e+43,0.54656875,22096
0725290152,22131,35.82289,2.0683500000000001e+43,0.49185616,22131
0201900101,22263,29.705648,6.28689e+42,0.3996159,22263
0693661701,22605,21.254393,6.281410000000001e+42,0.26516032,22605
0742830145,22650,30.468397,2.6452600000000004e+43,0.4274102,22650
0551720101,22902,32.100677000000005,6.90427e+42,0.3922084,22902
0720340301,22923,69.810974,2.01213e+43,0.5549158000000001,22923
0037981201,23069,38.873886,2.82495e+43,0.44435024,23069
0650382401,23314,31.61252,2.09926e+43,0.5555185,23314
0401920101,23338,26.959753000000006,6.17649e+42,0.31229115,23338
0306050701,24793,24.000288,1.30304e+42,0.23442878,24793
0782420301,25911,20.583174,1.0521400000000001e+43,0.34669083,25911
0081340801,26522,27.844542,6.54675e+42,0.38709992,26522
0655570701,28360,20.064505,8.684340000000001e+43,0.472954,28360
0673002331,28506,44.213127,4.18855e+43,0.5045954,28506
0204630301,28979,29.400549,9.913560000000001e+42,0.42075622,28979
0150620101,29138,23.649424,2.4944100000000002e+42,0.31485227,29138
0112551101,29166,24.122328,1.3044600000000001e+43,0.35233262,29166
0203170301,29221,28.805605,9.743770000000001e+42,0.39289227,29221
0741031301,29572,24.595232,1.4583800000000002e+43,0.37652022,29572
0504101301,30194,36.18901,9.24274e+42,0.4775238000000001,30194
0303110101,31012,40.063774,2.1801200000000002e+43,0.5161773000000001,31012
0112190401,31699,23.17652,7.193230000000001e+42,0.3402106,31699
0747440136,31972,25.083391,2.91408e+43,0.39163858,31972
0091140401,32256,30.498907,3.40059e+42,0.3711359,32256
0742830151,32602,20.705214,2.6750000000000003e+42,0.3957943,32602
0504101301,33243,29.522589,9.019530000000001e+42,0.50325453,33243
0305920401,33453,37.31788,4.7043e+42,0.39974824,33453
0747190631,33833,27.890306,9.137130000000001e+42,0.40013704,33833
0556210401,33971,28.36321,1.5502700000000002e+43,0.41643846,33971
0784060801,34453,22.917185,4.08362e+42,0.31095698,34453
0653290201,35833,30.010748,5.74127e+42,0.4369953,35833
0037980801,36202,44.655525,6.1538e+43,0.5598605,36202
0747420137,36665,29.720903000000003,4.77985e+43,0.42612538,36665
0303561101,37287,26.258024,5.56269e+43,0.41357848,37287
0301900501,37597,30.865026,9.649550000000001e+42,0.40251678,37597
0150600101,38471,22.215456,1.4606500000000002e+42,0.27032682,38471
0066950201,38542,56.584915,1.15822e+44,0.582825,38542
0502480701,38798,33.290565,1.09539e+43,0.44473615,38798
0653810501,38935,24.457937,7.11053e+42,0.3653241,38935
0200430201,39204,33.900764,1.9492900000000001e+43,0.48282263,39204
0140960101,39839,25.96818,1.84277e+42,0.340258,39839
0693750401,40250,33.443115,5.842040000000001e+42,0.47110692,40250
0655343842,40293,31.30742,1.5573400000000001e+43,0.5081242,40293
0112551401,40545,30.956556,3.63283e+43,0.4018866,40545
0106460101,41005,29.568354,8.478790000000001e+42,0.3967668,41005
0673150201,41310,28.088621000000003,1.0592200000000001e+43,0.40933225,41310
0747420144,41635,21.590002,1.2871700000000001e+43,0.3857261,41635
0401040101,42518,54.15937,8.77883e+42,0.5582271,42518
0763911301,42728,41.284172,2.34437e+43,0.50463784,42728
0147110101,43624,46.608162,3.29073e+43,0.52516735,43624
0700180201,43704,21.315413,2.38535e+43,0.43412176,43704
0305751001,43981,27.905561,4.2017900000000004e+45,0.4927877000000001,43981
0673150101,44024,23.32907,3.219e+42,0.3903969,44024
0693661101,44154,22.123926,5.1029800000000005e+42,0.593801,44154
0501540201,44248,23.512129,1.8212300000000002e+43,0.42625162,44248
0652401001,44423,29.263254,8.51388e+42,0.45562857,44423
0602200301,44486,23.832483,1.83989e+43,0.40593728,44486
0677180101,44593,24.000288,6.40251e+42,0.372448,44593
0151400201,44962,21.239138,8.10072e+42,0.37884855,44962
0212480701,45423,38.797615,3.81992e+42,0.46779186,45423
0677610137,45542,41.39096,6.79076e+43,0.5755654,45542
0012440101,46077,26.883478000000004,7.87544e+42,0.41358128,46077
0765001101,46088,29.202234000000004,7.84453e+42,0.43651086,46088
0650384101,46730,52.420303,6.34464e+43,0.55717087,46730
0502500101,47108,45.891174,6.456640000000001e+42,0.44356564,47108
0112551401,47416,22.154436,2.69946e+43,0.36740762,47416
0035940201,47940,23.390089,2.0771200000000002e+43,0.53098315,47940
0502780601,48035,42.291,1.24548e+43,0.55791485,48035
0742830151,48063,22.38326,5.3364000000000004e+42,0.39996937,48063
0747400139,48148,26.486849,4.80004e+43,0.43445835,48148
0780790301,49334,21.040823,1.52777e+43,0.3879914,49334
0784450501,49356,35.65509,1.68731e+43,0.5163622999999999,49356
0205390301,49459,22.825655,5.89806e+42,0.5093521,49459
0504100601,49920,28.21066,4.61386e+42,0.42816877,49920
0603500701,50614,35.304222,1.12874e+43,0.53763974,50614
0151270201,51293,23.222284,1.95513e+43,0.4152774,51293
0301651701,51643,47.00479,5.04167e+43,0.54378635,51643
0304071801,51817,25.32747,2.4051800000000003e+43,0.54722446,51817
0304071301,52064,43.08426,6.7638e+43,0.5097951000000001,52064
0652010401,52092,27.844542,1.19677e+43,0.5139429,52092
0501540201,53597,21.559492,1.17385e+43,0.3873446,53597
0504101501,53832,37.897568,4.92268e+43,0.54342586,53832
0303561601,54188,32.649857,2.1172900000000002e+44,0.47543803,54188
0724790933,55137,39.590874,7.532700000000001e+42,0.52260995,55137
0200430201,55271,29.415804,3.2334800000000003e+43,0.44944936,55271
0403190901,55412,38.873886,1.73717e+43,0.5038495,55412
0201010101,56766,29.934473,1.4875500000000001e+43,0.47644576,56766
0149880101,56897,20.934038,3.6153e+42,0.5209782000000001,56897
0720252401,56924,22.734125,2.75865e+43,0.39181513,56924
0205390301,56937,36.50937,7.138090000000001e+42,0.5454821999999999,56937
0742830142,57542,26.441084000000004,2.85783e+42,0.50144017,57542
0150620101,57880,50.360886,1.6038200000000002e+43,0.570409,57880
0650380401,60040,35.60932000000001,5.01923e+43,0.427382,60040
0108670201,61693,31.841345,9.325040000000001e+42,0.48409456,61693
0747420138,61979,20.339094,3.04105e+42,0.38587615,61979
0200430201,62406,23.390089,2.38339e+43,0.44174474,62406
0304570101,63274,22.337496,5.03393e+43,0.4162804,63274
0677640137,63350,22.123926,1.21201e+44,0.4124233,63350
0651280101,63550,21.925611,2.64428e+42,0.305843,63550
0785102301,63919,30.041258000000006,3.97993e+42,0.47354952,63919
0721740101,64014,29.629374,1.54696e+43,0.5178654,64014
0411980501,64468,23.420599,3.58278e+43,0.39410385,64468
0152530101,65109,25.556295,6.033420000000001e+42,0.4220710999999999,65109
0693661301,65536,47.233612,5.0549000000000004e+42,0.59091836,65536
0148740101,66219,26.21226,1.00278e+44,0.53943545,66219
0112850101,67029,29.629374,6.115960000000001e+42,0.46955246,67029
0677600136,67245,22.53581,2.51295e+42,0.37685215,67245
0741031501,68212,21.361177,6.735360000000001e+43,0.47788805,68212
0556210201,68328,29.797178,3.9063600000000004e+43,0.43395713,68328
0795711401,68332,21.605257,9.438500000000001e+42,0.43804434,68332
0674360101,68535,20.918783,3.3193700000000003e+42,0.37901893,68535
0671640801,70051,25.48002,4.5208e+42,0.45767984,70051
0693010301,70740,28.866625,1.05177e+43,0.4966075,70740
0744411801,70868,34.724533,2.7309200000000003e+42,0.43757787,70868
0724441001,71133,27.890306,2.26084e+43,0.47247443,71133
0690470201,71645,32.588837,2.15877e+43,0.5795616,71645
0201470101,71747,27.097048,1.9455e+43,0.50346273,71747
0405860101,72414,27.356382,3.02688e+43,0.44331825,72414
0067340601,73445,32.329506,8.87398e+42,0.45333025,73445
0673180201,73626,40.002754,1.23887e+43,0.5319218000000001,73626
0504101501,73801,25.464766,1.2894e+43,0.5116890000000001,73801
0677681232,73958,29.766668,1.4553400000000002e+43,0.41164818,73958
0677610132,74170,31.963385,2.0968e+43,0.48423448,74170
0060370901,74803,32.024406,2.13008e+43,0.45767194,74803
0783670101,75040,35.334732,6.44523e+42,0.5055784999999999,75040
0765081001,75920,24.015543,9.738220000000001e+42,0.42834958,75920
0085030101,75977,25.87665,6.30062e+43,0.43855006,75977
0763910501,76028,31.627775,7.86397e+43,0.5013889,76028
0106060501,76763,36.66192,9.457240000000001e+42,0.4920071,76763
0693661401,76915,24.885077,8.223780000000001e+42,0.48661962,76915
0655340138,77738,31.444715,9.67324e+43,0.49133858,77738
0048740101,78719,26.639399,6.66049e+42,0.44364032,78719
0300890101,78860,39.331535,4.6835700000000004e+42,0.56173766,78860
0677640136,80098,29.019175,2.94823e+43,0.51032484,80098
0601780801,80416,21.818827,5.0948100000000004e+42,0.50194144,80416
0504101401,80800,23.801973,9.45209e+42,0.44675645,80800
0200020101,80855,30.575182,3.31015e+43,0.51485795,80855
0203390801,81370,34.480453000000004,2.0865900000000001e+43,0.48395273,81370
0111282601,81379,24.152838,1.2631700000000001e+43,0.45223767,81379
0404240101,81971,31.932875,2.95381e+43,0.52314794,81971
0677610132,82317,24.595232,2.59911e+43,0.44510242,82317
0502790201,82455,21.757807,2.4697e+43,0.4098826,82455
0602200201,82838,22.734125,7.454800000000001e+42,0.4758439,82838
0655571401,83206,31.64303,1.95398e+43,0.46237513,83206
0411980401,83488,24.488447,2.5489700000000003e+43,0.48107344,83488
0652010401,85839,23.161264000000006,5.37541e+42,0.4460171,85839
0085030101,87471,20.29333,6.055330000000001e+43,0.4515613000000001,87471
0677690139,88195,30.529417,4.21675e+47,0.44629106,88195
0402250201,88321,21.010313,4.09999e+42,0.43303886,88321
0677610133,88478,23.634169,1.33999e+46,0.42986897,88478
0205090101,88579,20.995058,1.14808e+43,0.44220665,88579
0606431201,89162,28.988665,1.8923e+43,0.4766794,89162
0083000101,89715,20.567919,1.1329300000000001e+43,0.39296696,89715
0747440139,90384,28.088621000000003,1.4062900000000002e+43,0.47910723,90384
0677650139,91018,21.986631,2.65954e+43,0.47177708,91018
0760230301,91055,28.134386,1.20036e+43,0.50284755,91055
0782530201,91141,22.53581,7.912870000000001e+43,0.5309446,91141
0025740201,91185,27.798777,1.02552e+43,0.47471526,91185
0554500401,91385,25.96818,6.32774e+43,0.5600779,91385
0301900401,92055,20.04925,5.61565e+42,0.52999127,92055
0110940101,94524,22.123926,1.93844e+43,0.48428026,94524
0673002332,94774,21.590002,1.06627e+43,0.46827236,94774
0677681231,94939,23.069735,1.0684500000000001e+44,0.49463904,94939
0743900401,95743,33.473625,9.181310000000001e+42,0.5315159,95743
0106060301,96269,25.769865,6.159150000000001e+43,0.47833842,96269
0404968601,97850,26.563124,3.1429500000000003e+43,0.53163147,97850
0747390147,101645,24.137583,9.68952e+42,0.48433727,101645
0505880201,102499,24.702017,1.46169e+43,0.4648408,102499
0067540201,102952,27.432657,1.27174e+43,0.4440281,102952
0765090801,104787,20.705214,2.0901300000000002e+43,0.55191755,104787
0152530101,104880,22.87142,7.08842e+42,0.42956275,104880
0655380201,105472,25.525785,2.26421e+43,0.49128804,105472
0111160101,105993,22.47479,8.42238e+42,0.47439572,105993
0725310138,106373,27.432657,4.0366100000000003e+43,0.5206695,106373
0785102201,107693,24.595232,9.19172e+42,0.5047372999999999,107693
0202870201,109788,30.529417,2.85544e+42,0.53569263,109788
0602340401,112058,24.564722,3.2398800000000003e+43,0.5032816,112058
0504480301,114804,22.32224,1.81568e+42,0.4659819000000001,114804
0070340501,114809,30.285337,4.57322e+44,0.5070408,114809
0677590140,115192,26.502104,3.29201e+43,0.51026106,115192
0673000133,115286,20.415369,6.05914e+42,0.42149237,115286
0404967601,115944,22.62734,7.43218e+42,0.44794798,115944
0763911301,117788,32.863426000000004,4.1971800000000003e+43,0.52539307,117788
0211080701,118733,21.056078,9.28101e+42,0.43799207,118733
0761590401,118932,20.613684,2.27839e+43,0.50211763,118932
0677610134,119423,33.870255,2.7259900000000003e+43,0.58809316,119423
0693460401,119521,27.036028,1.0086500000000001e+43,0.49665794,119521
0406740101,119680,21.300158,3.5814e+42,0.43548504,119680
0146990101,120559,24.930841,3.22013e+43,0.50901556,120559
0201860101,121505,26.685163,8.01382e+42,0.5334161000000001,121505
0304570101,121571,20.29333,1.9779400000000002e+43,0.54747206,121571
0200431101,121728,26.074965,4.27593e+42,0.42604357,121728
0553911801,122894,25.083391,7.002540000000001e+43,0.53287923,122894
0111290201,123988,24.030798,9.442190000000001e+42,0.5862801999999999,123988
0081340801,126216,26.258024,1.4401400000000002e+43,0.5150935000000001,126216
0148742401,128073,28.27168,8.670260000000001e+43,0.50920683,128073
0744220401,128484,25.84614,5.35491e+42,0.5651118,128484
0747420137,128532,33.565155,6.50024e+43,0.5613514000000001,128532
0728980201,129039,23.35958,1.01301e+43,0.48657694,129039
0784521101,129193,20.842508,7.375630000000001e+42,0.49814412,129193
0763050301,130513,32.634605,2.4147e+43,0.5035488,130513
0041170201,131885,20.491644,5.11548e+42,0.4759296,131885
0742740401,132100,28.82086,6.62815e+42,0.5109902,132100
0302580701,132259,23.100245,1.02845e+43,0.46702242,132259
0693662501,133927,25.35798,4.34538e+42,0.48343262,133927
0067540201,136045,22.551065,1.0772400000000001e+43,0.47723266,136045
0762920201,136049,20.842508,1.49288e+43,0.47303483,136049
0602200201,136200,28.3327,2.37353e+43,0.55691916,136200
0504100601,136739,21.208628,7.97915e+42,0.5072992000000001,136739
0744411901,137123,22.825655,6.45838e+42,0.4248241,137123
0021740201,137814,21.971376,8.704970000000001e+42,0.5531783,137814
0652810201,137826,26.303790000000006,7.25564e+42,0.5778477,137826
0403190901,138312,26.608889,2.66973e+43,0.5639496999999999,138312
0404968601,138781,24.457937,9.626770000000001e+42,0.50366247,138781
0793183601,139551,35.79238,1.16574e+43,0.5724281999999999,139551
0655346835,140416,27.661482,1.30328e+43,0.5026661,140416
0744413301,140647,22.886675,9.090580000000001e+42,0.47931623,140647
0407030101,141041,22.398516,5.94934e+42,0.5468363,141041
0747440136,141642,24.152838,4.980200000000001e+43,0.5660696,141642
0560192001,145759,22.26122,1.26512e+43,0.5486888000000001,145759
0200431101,147083,31.261656,7.14302e+42,0.54141736,147083
0406541301,149511,21.544237,7.76445e+42,0.511709,149511
0094530401,150064,35.83815,2.18283e+43,0.52277124,150064
0763460201,152149,20.217054,1.12972e+43,0.44071826,152149
0553560801,153433,23.832483,6.73236e+43,0.49754372,153433
0147670301,154837,23.985033,1.9239200000000002e+43,0.52954775,154837
0304070201,155247,21.315413,1.56325e+43,0.5154742,155247
0747190833,155379,22.337496,3.534e+43,0.5360129,155379
0109080301,155519,24.168093,8.445040000000001e+42,0.4996224,155519
0556210201,155548,26.654654,4.77606e+43,0.54117167,155548
0124712401,157941,22.398516,9.633050000000001e+42,0.5174031,157941
0302580701,159883,27.417402000000006,1.8870300000000002e+43,0.5445770000000001,159883
0141570101,161400,22.764635,6.470480000000001e+42,0.48296094,161400
0112850101,161558,20.339094,1.2749500000000001e+43,0.48808354,161558
0067340601,161988,24.564722,1.52752e+43,0.5497333000000001,161988
0106060301,162392,22.56632,5.515950000000001e+43,0.50105286,162392
0042341301,163757,30.941301,5.374410000000001e+43,0.5225012,163757
0601780401,163978,28.988665,2.26842e+43,0.53598994,163978
0106060901,164630,32.131187,1.0360900000000001e+43,0.56751984,164630
0103660101,164812,20.644194,4.46413e+42,0.43986446,164812
0694580101,165721,21.040823,1.41775e+43,0.5472387,165721
0747190631,166433,22.62734,4.97774e+42,0.5223454000000001,166433
0108860101,168699,25.922415,1.10915e+43,0.56750935,168699
0112370601,175473,20.308584,6.1312100000000006e+41,0.49661416,175473
0761950201,175883,22.5053,1.2518300000000002e+43,0.5198795999999999,175883
0655800501,176017,22.368006,2.60067e+43,0.54086584,176017
0653680601,176968,27.020773,9.134370000000001e+43,0.56981707,176968
0143150601,178772,24.396917,2.68435e+43,0.52217615,178772
0404968501,179885,22.26122,6.1672e+42,0.52988225,179885
0414980101,181973,21.681532,1.33845e+43,0.4978059,181973
0080540101,183623,24.763037,3.6295100000000004e+42,0.52760917,183623
0556212901,184182,21.971376,6.39762e+42,0.54324794,184182
0502690601,185130,20.827253,4.28022e+42,0.4833522,185130
0204791101,186319,22.612085,2.4129800000000003e+43,0.50313425,186319
0504620301,187858,23.35958,6.17881e+43,0.5395329000000001,187858
0763460301,188206,27.173323,2.06316e+43,0.50129384,188206
0047540601,189362,23.420599,2.5107600000000003e+43,0.53472614,189362
0502060201,196885,22.59683,2.0125500000000002e+43,0.52765334,196885
0674810101,198295,26.27328,3.85092e+43,0.5368104,198295
0306370601,199198,23.969778,2.16639e+43,0.5362511,199198
0503350201,199385,25.281706,1.3449800000000002e+46,0.56210524,199385
0673002331,199413,20.674704,5.76194e+42,0.476463,199413
0655343853,199426,29.919218,1.5705e+43,0.5429604,199426
0124712101,201864,21.895102,9.54825e+42,0.55103844,201864
0153030101,202389,26.288534,3.77732e+43,0.5107429,202389
0693010601,202473,20.888273,7.241160000000001e+42,0.43300492,202473
0302160401,203563,22.26122,1.89288e+43,0.48551872,203563
0111281701,205743,26.288534,2.34936e+43,0.5633889,205743
0403160301,210426,22.215456,1.0937800000000001e+43,0.47460636,210426
0560192001,216567,22.078161,9.7712e+42,0.5257757,216567
0556211401,217745,21.025568,5.32985e+43,0.5849958000000001,217745
0724441001,218370,25.083391,4.88937e+43,0.5362665,218370
0500760101,219855,24.991861,6.25419e+42,0.5573861,219855
0744100601,220360,24.915586,6.94679e+43,0.527965,220360
0553911401,223108,20.689959,1.23377e+43,0.512314,223108
0143650101,223724,24.854567000000007,1.38081e+44,0.5810665,223724
0673850601,225279,24.198603,2.62116e+43,0.5270691,225279
0402830101,226275,23.710443,6.890100000000001e+42,0.5211799,226275
0677610134,226841,27.753012,1.92602e+43,0.5610944999999999,226841
0304160201,229235,22.062906,1.42405e+43,0.515994,229235
0148560501,230655,22.215456,8.80153e+40,0.5172838,230655
0106060301,234036,20.476389,2.5092100000000003e+45,0.5553405,234036
0094800201,234489,23.527384,1.8493200000000002e+43,0.50035506,234489
0402750601,236227,26.547869,6.42057e+42,0.58029276,236227
0673002333,236392,20.125525,4.555810000000001e+43,0.46881855,236392
0112552001,238424,21.879847,1.0223800000000001e+43,0.5198214,238424
0655381501,239482,24.000288,4.909510000000001e+43,0.5437164000000001,239482
0301651001,246489,24.946096,2.26239e+44,0.56657004,246489
0302581801,247486,20.125525,6.821570000000001e+42,0.53581786,247486
0745320101,247563,21.162863,7.961340000000001e+43,0.5565948000000001,247563
0302581801,254110,21.879847,8.408470000000001e+42,0.56371087,254110
0747430146,257835,22.703615,1.45168e+43,0.5500067,257835
0677690138,270095,21.544237,2.41451e+43,0.52694255,270095
0763910301,278206,20.857763,1.1179e+43,0.5334228,278206
0741032901,282331,22.230711,1.6488500000000001e+43,0.5524965000000001,282331
0650381701,289164,21.345922,4.99049e+43,0.53545403,289164
0700180201,290689,21.284903,3.74802e+43,0.52003044,290689
0693662501,295787,20.07976,3.4853600000000003e+42,0.5231983,295787
0550540101,300113,20.01874,4.4135900000000003e+42,0.5110166,300113
0106060901,302269,20.217054,8.299090000000001e+42,0.5400749,302269
0312191101,315601,20.873018,2.0197e+49,0.56738895,315601
0762870501,334452,22.38326,3.0883800000000004e+43,0.5758444,334452
0742500101,377658,20.979803,1.19893e+43,0.5440216,377658
0762500901,398752,25.739355,1.12082e+43,0.55606985,398752
0693661001,429203,21.910357,2.5605300000000002e+45,0.57945496,429203
0670900501,452876,23.557894,1.30963e+43,0.4928795999999999,452876
