LAMBDA,Lx,OBSID,dec,objid,ra,rad,redshift,type
70.28388000000001,2.2583800000000003e+43,0652010401,-6.0076327721053895,14402,0.7456653268649802,50.47668937567309,0.5392811,ext
22.520554999999998,2.62317e+42,0305751001,-0.02093684961050863,46673,1.224352597127563,77.83445670557727,0.2943499,ext
36.26529,5.48808e+42,0763780701,12.232869321429114,73969,1.5438819690276662,54.45055801226779,0.4945958,ext
26.151239999999998,0.0,0600540601,19.995305044703557,124208,1.6152282964663982,55.788203312150486,0.50555927,ext
29.293764000000003,2.95219e+42,0403760301,0.8167851819683991,26587,2.722693731029551,61.8750652457317,0.3993315,ext
20.14078,5.389220000000001e+42,0502860101,16.026740637273527,64790,4.75790525815637,52.25715252112515,0.538851,ext
36.250029999999995,1.42625e+43,0001930101,10.625786873602708,55188,6.678272244965682,52.768107252169116,0.51367587,ext
28.88188,0.0,0402750201,26.43437515115404,161639,7.741936034162848,56.91520683171731,0.5271992,ext
21.651022,9.60475e+42,0402750601,26.45274723143835,244828,7.813385787031734,61.86405470297416,0.46667936,ext
25.617314999999998,1.91171e+45,0084230201,9.220554170857184,16263,9.24389357947024,57.89694310733822,0.44624546,ext
20.995058,0.0,0203690101,0.6998107738443324,30797,9.825010279699113,84.91575139560368,0.26358044,ext
28.759840000000004,6.095490000000001e+43,0153030101,25.515690852489037,246814,10.12114181005785,53.42334027256399,0.57335687,ext
28.668309999999998,0.0,0600450701,33.168672342514625,102595,10.22936102709764,62.02348756460054,0.51288354,ext
20.995058,0.0,0600450701,33.23120069194479,116744,10.248177531006661,58.20226026722537,0.564897,ext
32.054916,1.45972e+43,0723802201,-9.339387097692127,70750,10.395499094899687,57.97659569631719,0.44558990000000004,ext
23.313814,2.9994800000000004e+42,0723802101,-9.166629623603752,58252,10.53651062547776,59.16734060776392,0.4326528,ext
31.582009999999997,6.34663e+42,0560192001,-1.660001166549674,34444,11.191331281616185,57.19606781663771,0.44598693,ext
20.949293,0.0,0560192001,-1.6281162467378032,89086,11.335348996080684,60.110251032600814,0.41585454,ext
43.541909999999994,0.0,0301450401,25.500681047049106,72732,13.74249995616543,54.11208212896241,0.5621441,ext
56.798485,2.7279500000000003e+43,0012440101,-1.4717103320760834,6172,13.97454735437458,60.73710245184003,0.40984884,ext
26.95975300000001,4.5791700000000003e+42,0203220101,26.6008015843992,29424,13.959587715123465,72.0139309417938,0.3780622,ext
24.137583,1.11113e+43,0012440101,-1.1661260408331822,138488,14.155163085057964,54.357544932447155,0.47965053,ext
22.87142,7.13041e+42,0742830148,0.09283533812569104,38945,15.712853314408154,69.27984550305979,0.34265646,ext
22.612085,3.8851e+43,0747390152,0.3605155706525592,23220,16.50577016412609,88.4683216569627,0.25040984,ext
20.38486,2.22567e+42,0762870601,1.2183839952843527,40398,16.746436129309643,67.27610192887283,0.35644737,ext
21.467962,1.29697e+43,0305920101,14.131249266536825,107804,16.904788257347132,53.48592562342418,0.51361537,ext
31.5515,2.999220000000001e+43,0747390134,-0.4834400377013795,10431,17.225908108076453,65.24394003440648,0.3713877,ext
20.796743,3.77849e+42,0723800301,33.13299005037908,178234,20.686999768442906,65.12102287635457,0.47726992,ext
22.078160999999998,2.01582e+42,0723800301,33.39299679604351,33287,20.788860346173294,96.05791431278448,0.28329387,ext
33.076996,2.5957300000000002e+42,0723800301,33.098186504848925,9328,20.91766553536536,100.10453981804659,0.26772812,ext
21.086588,1.65785e+43,0201090401,32.16545718238748,203510,21.246196560558985,59.900986519932076,0.5312014,ext
20.659449,8.06097e+43,0025541601,3.730593255316847,72505,21.099409930434998,65.71698741119008,0.3688178,ext
21.666276999999997,0.0,0201090401,32.234290316933304,37452,21.349870584479078,94.52988625892402,0.2843776,ext
24.656252,1.32781e+43,0600450301,29.205851715793376,209904,22.03500824468614,57.98800600582723,0.532633,ext
39.484085,1.8482400000000002e+43,0700180201,-8.42588640763148,42227,24.19713289417345,59.98060336146125,0.42324024,ext
27.676737,1.12689e+43,0505400101,6.421451228192048,85532,25.128540160468845,55.27426335049341,0.47232103,ext
43.892776,1.6197800000000005e+42,0747440140,-0.12323682915039025,10228,26.85275298318481,71.88685796343321,0.32634640000000004,ext
25.434256,1.20084e+43,0747440150,0.3405464012274102,53156,27.5103222712574,56.14000409049282,0.45773286,ext
36.05172,1.27213e+42,0761730401,-8.736511001113431,23958,27.99052502870159,59.83773633432463,0.42514956,ext
28.225915999999998,5.39067e+43,0748190101,5.5307300714719645,39572,28.98753893989908,53.11840894669757,0.49930465,ext
25.129156,0.0,0203980101,32.07950710113259,242760,29.163488139419087,59.72829846388521,0.5327451,ext
20.796743,1.51493e+43,0304160301,31.31749778513762,147682,30.162472004929327,66.49695604865542,0.4500535,ext
27.493677,0.0,0601740201,-7.0289270271176125,106444,30.30970211901917,49.15124769251236,0.56316966,ext
50.330376,4.690110000000001e+42,0605000301,-2.219153120455393,49303,30.37904951213277,50.09196351066407,0.5416328,ext
40.979073,2.26293e+43,0411980201,-7.580513529065709,42018,30.83536513245062,50.91783597624726,0.5349001999999999,ext
20.537409,3.3785300000000004e+44,0677681232,-7.414738664599082,188200,31.516408355281268,52.536164424149945,0.5102749,ext
21.940866,1.9437800000000001e+43,0677690133,-6.821629806746521,96753,31.9834136866408,57.67785264452954,0.44490343,ext
21.071333,0.0,0677631601,-4.893867661169002,10704,32.762116803761785,151.9699388065277,0.1327916,ext
33.000725,3.77308e+42,0677670134,-6.202860211778227,15904,33.141121690085484,59.61342603529829,0.42393395,ext
24.976606,6.78332e+42,0673110201,-3.656524857752257,90788,33.64999679546216,55.86105637079868,0.4623488,ext
21.330667000000002,0.0,0109130301,-0.7508955353707758,110777,33.76003432102073,56.809001924787594,0.45010352,ext
36.127990000000004,9.35214e+42,0677670131,-5.9707225297043225,26349,33.949351111968234,60.24061561909946,0.41752025,ext
20.491644,3.56218e+43,0404968001,-3.640491359732199,139578,34.057190603922784,51.92433429438381,0.51431584,ext
41.51300000000001,3.45547e+42,0760540101,-3.9457271059166534,31129,34.3997872658575,51.09867581650178,0.52699655,ext
20.04925,6.4069e+42,0112371001,-4.804559201964495,341223,34.5134862189464,51.66726831878634,0.51927185,ext
26.730928000000002,1.119e+43,0553911301,-5.673585870263064,10465,34.65520141233845,77.56787493679838,0.2975193,ext
22.612085,5.92277e+42,0404966301,-5.569451369653131,65760,34.774849381106506,57.31993491747005,0.44735345,ext
21.147607999999998,3.902e+42,0112370301,-4.924306706003351,211209,35.05905872655375,52.0578129959091,0.5136367999999999,ext
25.022371,3.041810000000001e+43,0147110201,-2.9460575270221674,145638,35.23953381136206,52.5376354003356,0.50495344,ext
35.029633000000004,2.31419e+43,0037982601,-3.5414460214932983,65029,35.27444603106735,51.96355641924697,0.51365983,ext
21.117098000000002,1.4190200000000002e+43,0404965401,-5.758786801913293,20437,35.48497083230141,85.72660511562447,0.26208878,ext
24.32064200000001,9.38968e+42,0785101901,-4.550064946885168,33512,35.519021109570396,74.93525204777995,0.31039520000000004,ext
23.740953,8.17824e+42,0037980701,-3.6041515906560986,66811,35.723606862101235,58.16581338367257,0.4364514,ext
24.976606,8.13822e+42,0037980701,-3.4137798952703062,171281,35.66743070418926,49.565829383806204,0.5511766,ext
27.41740200000001,2.54887e+42,0210490101,-4.118967235945623,184782,35.90809644605208,49.87308263525563,0.5467273,ext
20.461134,0.0,0111110401,-5.001469493278576,125003,36.09683455600346,61.7041164868823,0.40291712,ext
25.159666,0.0,0780450601,-4.721140982012416,159156,36.09682500670387,50.64867555562671,0.53483754,ext
54.769569999999995,1.50263e+43,0780450501,-4.831172022512663,17793,36.11794990511935,53.004695146120184,0.50006837,ext
34.526222,0.0,0037980301,-3.8603374391721403,160301,36.34834975655868,47.47576306454562,0.58918196,ext
23.985032999999998,4.8468300000000004e+42,0780451201,-4.997723957876307,34223,36.61714129264887,64.48683658692573,0.37925896,ext
25.144410999999998,1.34003e+43,0404964801,-5.663215981457692,21551,36.75433441647225,78.4386723778141,0.29327783,ext
73.0908,4.15676e+43,0674810101,-8.888207065059477,21258,37.24557855286884,52.574218135384854,0.51251125,ext
33.458374,0.0,0677580139,-4.1752788060403665,7820,38.41397675161336,81.58344880658319,0.27814183,ext
25.44951,2.59738e+42,0553300401,-8.363939623177298,313034,40.071988768346635,51.37920488568568,0.52923506,ext
28.500505,0.0,0801610101,-0.05183658005207136,166707,44.20784514579016,49.468455549114765,0.5513411,ext
55.227219999999996,1.28266e+43,0692330401,33.83100407491486,24726,112.17164172902248,63.503716143401334,0.50097215,ext
28.40897600000001,1.00899e+42,0692330401,33.7919697280793,140919,112.40497630395129,62.29518941083825,0.51502585,ext
20.811998000000006,1.7221200000000004e+43,0503600201,30.87640495005441,117621,116.81281405556965,57.6896704736896,0.55057573,ext
28.347956,1.1430900000000002e+43,0503600201,31.12792309494168,127765,116.7927708621917,59.31204780330859,0.53018636,ext
21.071333,4.3654300000000004e+42,0670040101,39.058407746273076,36618,118.76405292530501,89.23650832026055,0.34257236,ext
20.842508,6.03341e+42,0763460201,15.301180514185418,53852,119.98543211082388,62.17809568177017,0.41693136,ext
21.559492000000002,2.45358e+43,0679181401,11.150415259834864,139356,120.2578356311059,49.61399968084379,0.56501675,ext
28.3327,0.0,0206100101,15.255769969835212,64267,121.56562877684028,59.576622176803085,0.4426274000000001,ext
23.039225,8.637220000000001e+42,0404911201,1.3801647333535307,14485,125.411801471784,86.37111896686065,0.25809896,ext
21.254393,9.65604e+42,0504102001,30.118658065127512,94547,126.06495279994586,59.814788376166916,0.5155031,ext
22.84091,5.941270000000001e+42,0504102001,29.860299378349872,108125,126.21284936885523,60.67241910159282,0.5028439,ext
20.400114000000002,0.0,0103260601,26.48714124976412,251639,126.6411558916696,55.84420320597019,0.5428048000000001,ext
21.879847,3.00567e+43,0724791331,42.21474582117533,180326,126.83668523209371,70.8084146883607,0.50531507,ext
22.886675,4.81404e+42,0554540201,37.90894534440465,177642,127.72574203902798,66.8234060584382,0.5013645,ext
24.518957,6.90084e+42,0502220301,52.59588414927166,117465,127.80047748684322,80.32272905501259,0.5630129,ext
20.964548,5.77236e+42,0762260101,1.9306536094456752,69759,128.82532978677864,61.096495618267,0.40664324,ext
51.764343,6.726350000000001e+42,0650381701,29.797794422341546,5668,131.4656189860892,70.95341653354126,0.40198845,ext
22.41377,8.37581e+42,0720340301,1.4908340036612668,166273,131.6143603336821,53.53570061608934,0.4904992,ext
25.205431,0.0,0720340301,1.5325741063516192,13621,131.7533689825687,52.87346223685745,0.49953026,ext
37.13482,0.0,0761500201,19.9532985111766,39188,133.7678580182531,57.663764919686855,0.48150292,ext
25.251196,6.54183e+43,0085030101,58.788172875734645,184463,133.82751814884742,94.99743768969893,0.55543125,ext
30.010748,1.12883e+43,0653450501,6.076201903771721,162525,134.08490062991407,49.91112127662518,0.54861486,ext
27.997090999999998,1.55927e+43,0653450501,5.899895638738623,61878,134.301848239907,50.704186673249296,0.53549206,ext
31.82609,6.94543e+42,0210280101,27.8361739056041,116924,134.68302963171774,54.23571478879694,0.57800746,ext
25.800375,0.0,0653680101,57.08999742625731,162492,134.95572151156398,93.05300550292941,0.53355426,ext
28.469995,0.0,0653680101,56.99082916295527,108574,135.26210563169835,93.23295840317769,0.52988124,ext
21.773062,0.0,0670880501,16.774637588228355,18584,136.60804602624756,61.947766555476846,0.4234602,ext
55.669617,7.709830000000002e+42,0670880501,16.931967432830564,5985,136.5288755188585,62.06767283174486,0.4228018,ext
21.193373,7.9744e+42,0400830301,39.598365350373065,124465,136.89089742936935,66.12789365500475,0.52736306,ext
23.283304,4.16611e+42,0693662501,17.729967154280907,34319,137.87943112600047,56.67817703886158,0.4843084,ext
41.66555,4.19547e+42,0673150401,29.884301993945503,1380,139.0189945438218,59.83230212203807,0.5134825,ext
26.0292,2.48386e+42,0401170101,30.530261077303802,196,139.99398977655108,92.38340173440065,0.28613323,ext
23.786718,6.28466e+42,0673150201,29.86714489613614,38145,140.60686508033677,85.59520346267391,0.31296507,ext
35.73135999999999,0.0,0502920101,6.75930412886016,47558,140.7040936572574,59.593851775593976,0.42478119999999997,ext
22.230711,8.87775e+42,0553440601,30.457127436617647,40522,141.14373010442273,67.29901447089333,0.43685743,ext
20.522154,6.53774e+43,0553440601,30.51738643521411,115293,141.10707351197192,58.32106794889569,0.5385875,ext
59.84948000000001,1.7706600000000004e+43,0200730101,30.839142502569707,24955,141.4788034179344,56.56606680705636,0.5669503,ext
20.003485,6.69315e+42,0604530101,29.861153219422768,70596,142.0637726580095,67.73523916622253,0.42922878,ext
32.497307,3.80167e+42,0783880501,5.593230996655624,45665,143.2255234135059,56.83057168416781,0.4528745,ext
22.99346,1.09054e+43,0112520101,55.431708451556,145586,143.44103908859344,91.99966120060026,0.5087878,ext
22.093416,2.038310000000001e+42,0085640201,61.44318736615698,89929,144.05395820542998,132.43321690215453,0.38692218,ext
59.89524,4.6243700000000003e+42,0306050201,3.6224011160556575,15414,145.24999307914476,53.486846797716225,0.49234867,ext
27.798777,9.492110000000001e+42,0106460101,47.10487140451875,229566,145.5493797973771,73.33739013912464,0.54386073,ext
22.184946,8.16021e+42,0724030101,9.449658411047439,347756,145.69323339176668,49.514841061659354,0.5621012,ext
34.86183,1.9164200000000002e+43,0201470101,47.910750279781844,21216,145.81628138079995,86.29992191458769,0.43863820000000003,ext
23.588404,4.68611e+43,0553560801,47.24450560465164,36883,146.6579195786523,79.85557126413596,0.48138103,ext
31.566755,7.28947e+42,0206430101,-0.28664018407898684,31101,149.00691313938026,54.49770328924615,0.47772646,ext
20.750978,5.79573e+42,0206430101,-0.2594267164607154,18460,149.1236227808288,51.18752654827858,0.5237890000000001,ext
59.31555,2.44004e+43,0203362201,2.425928035089689,10096,149.44157865750378,54.60780294415599,0.47694117,ext
28.973409999999998,1.98253e+42,0203361801,2.2896646345948986,52747,149.84186603189943,62.382916642627606,0.39524013,ext
21.422197,3.12101e+42,0203361201,2.5561046077174705,110316,150.11266517674346,53.89703120148397,0.48617920000000003,ext
26.547869,2.1918e+43,0503600301,32.784113896838576,31079,150.49205773481,73.48062654953083,0.4001499,ext
20.491644,1.24482e+43,0762920201,2.938508792514168,333579,150.57893932972766,49.07273174940201,0.5592188,ext
21.605257,1.6079100000000005e+45,0112552001,21.85219334980689,116467,154.44483617894727,59.797317599725375,0.46530694,ext
20.415369000000002,7.302590000000002e+42,0148560501,5.4105091310010565,217135,157.6284451502612,51.07664835586547,0.5289908,ext
29.21749,3.82099e+42,0102040301,30.897005293655443,23141,157.7091227744659,74.7169499760389,0.38028783,ext
23.740953,4.09038e+42,0102040301,31.15794317260321,25578,157.81423201377683,79.92637796211284,0.3485581,ext
24.32064200000001,8.971490000000002e+42,0653810501,40.33437546776069,88909,157.82027558420882,73.87866246738213,0.45567214,ext
26.21226,9.496730000000001e+42,0147630101,39.7661518054594,80606,160.38043309639056,67.15616344682758,0.51725745,ext
35.24320200000001,1.3141200000000001e+43,0128531401,21.518240440536605,41150,161.45346339312437,56.06736745268108,0.509359,ext
22.032396,6.751720000000001e+42,0652810201,50.13358718918626,51338,162.59707219592548,90.36524483044559,0.43779743,ext
34.98387,2.4107900000000003e+43,0146990201,44.02913975081195,31456,162.960398307365,82.52115917397305,0.4232584,ext
68.087166,2.904130000000001e+43,0146990201,44.27962875328142,3184,163.09987390332037,76.14091986590665,0.47753376,ext
20.064505,9.31096e+42,0693430401,10.691127633942727,253257,163.1872236878801,52.339905986718804,0.5200904000000001,ext
23.756207999999997,3.70384e+43,0146990201,44.21092548292626,80720,163.2775868113223,75.03001888604786,0.48701120000000003,ext
25.464766,1.53457e+43,0674360101,8.843412986270176,47181,164.94508266145658,62.079594702186114,0.4040784,ext
35.41101,0.0,0103861801,10.908398713454876,27989,165.1376589382151,60.639548213885064,0.4211474,ext
24.213858,3.5919200000000004e+42,0782330301,10.738743791447034,63240,165.16584924622978,61.83346678485577,0.40953429999999996,ext
27.768266999999998,0.0,0301151101,45.81640516053626,38732,165.4831981817249,77.92781523736494,0.48008364,ext
24.290132999999997,0.0,0200080233,6.039249795792045,19840,168.1074658598369,51.06361061438065,0.5300571,ext
21.056078,0.0,0500760101,13.422448342911856,81459,168.3921188639792,56.86425614505879,0.46760353,ext
24.168093,8.97174e+42,0764100601,25.54719447071044,193170,168.63149233786024,54.018651578383015,0.5639576,ext
34.541472999999996,4.07748e+42,0693180201,1.5835821444636382,20808,168.91303547997785,69.6158644420052,0.34063596,ext
21.666276999999997,0.0,0109080801,44.28120557789583,224824,169.04526371390574,68.21025692216836,0.56225985,ext
20.659449,3.172480000000001e+43,0099030101,18.12554749461588,115156,169.33339919247214,51.553595618349846,0.5594409,ext
23.69518900000001,0.0,0111290301,40.28774340520099,106437,169.50043460837242,73.27323785218596,0.46062016,ext
27.158068,2.7755700000000012e+42,0693990201,6.631986747138655,64407,169.8240918256176,55.959157512575075,0.46429247,ext
21.727297,7.7261e+42,0107860201,43.495579233950394,180906,170.0209853409562,66.47012492887825,0.5732403,ext
22.47479,2.58187e+43,0651780401,2.8710804823637366,318646,170.2592126199817,52.00820733235787,0.5125069,ext
36.57039,0.0,0651780401,2.8853582137589204,48110,170.43819867074782,54.22596183279893,0.48208690000000004,ext
20.628939000000006,0.0,0083000301,5.358112543759705,173726,170.7274525251151,52.136032339410576,0.5130163,ext
21.208628,0.0,0112810101,58.6534302094633,64461,172.17822357769901,117.32696094750281,0.40689224,ext
20.796743,9.46807e+42,0550960301,31.05133831034133,232796,173.01020858881833,62.26244676021224,0.49287748,ext
31.582009999999997,1.19372e+43,0200430501,52.97113466171532,54031,173.05684028468707,88.2988008706775,0.49512708,ext
20.827253,0.0,0802860201,0.8612369393162952,179943,173.49746005864228,49.70057629055873,0.54754734,ext
20.125525,3.57725e+43,0601780401,21.776272516480322,116258,174.13053906987602,57.52422034298661,0.49181703,ext
28.103876,4.70932e+42,0556560101,26.889784201348725,10732,175.43457362381542,88.02628447372172,0.29111058,ext
44.808075,7.43733e+42,0655380101,10.406177264252543,10245,175.50217138292666,81.57932726430772,0.28312653,ext
24.122328,8.99747e+42,0005210101,20.240597274951085,77836,175.72110309435763,59.489239313234066,0.4615395000000001,ext
21.483217,3.6180200000000003e+43,0061740101,19.885491609076755,166169,176.24259598103959,54.55586088211248,0.5220259,ext
20.644194,0.0,0047540601,47.54946376401845,218505,176.59217177550119,76.40197298443354,0.51804775,ext
20.903528,1.32503e+43,0044740201,1.6416410829578405,68944,177.54566022842403,57.52224934674359,0.44239366,ext
24.351152,7.28679e+42,0502690601,22.81103516630885,140713,178.4954267544851,58.592705359649244,0.48399177,ext
21.010313,0.0,0827010301,3.5384198311904504,142176,180.0469582329554,56.42536101221367,0.45565692,ext
31.902365000000003,8.85213e+42,0056020701,-3.2550621554411614,59552,180.15469072109767,54.46640249653001,0.47923762,ext
35.395752,4.64231e+42,0056020701,-3.5557867934492617,46954,180.1503032232634,51.97795365861566,0.5134626,ext
23.664679,3.24495e+43,0555060501,30.02826550790989,126937,180.22036408972423,56.92008566319373,0.55453306,ext
27.615717,9.7157e+42,0674660201,-3.3115188818879475,13932,180.45964129804142,70.2948404179665,0.33685985,ext
20.293329999999997,6.71136e+43,0551630301,34.2348075338452,144097,180.44289277286046,61.4698721892978,0.5294418000000001,ext
20.781488,7.01654e+42,0782500201,44.15081442910338,292793,180.84139798042665,69.52409435147047,0.5444184,ext
20.827253,1.45872e+43,0601780801,46.984231112435104,277190,182.05873149381642,74.44943487663522,0.5299058000000001,ext
21.925611,8.51185e+42,0112830201,39.46986027734469,227176,182.55213355572812,62.49122563878018,0.5728554,ext
25.78512000000001,5.09163e+42,0203170101,50.306273933677424,14439,182.80965736663552,108.62560044855627,0.342017,ext
29.354784000000002,3.9492700000000003e+42,0502120101,5.951473241133951,119561,184.70888331065706,52.08188618890972,0.5145858,ext
20.125525,1.4701e+43,0693010401,-3.1010088317862823,86675,185.0364331141872,48.36131143742932,0.57194453,ext
21.940866,5.38491e+42,0650590401,2.5833954716928367,38237,185.68080939225675,75.09302256995625,0.3086879,ext
57.805313,4.31347e+42,0142830101,33.74595853964941,31258,186.46908207845627,63.03161746908472,0.50576097,ext
22.38326,5.69085e+42,0402830101,31.333351749980373,289019,186.75730260043304,56.691048038794634,0.5695520000000001,ext
29.12596,1.04682e+43,0414980101,10.675674594193758,34608,187.1903069327131,56.05890149381594,0.47033128,ext
30.636202,0.0,0306630201,10.977477108056702,16825,187.7151405451534,69.75864721597418,0.3479777,ext
22.398516,6.095320000000001e+42,0551870301,12.60802949721281,110719,188.27014493156696,52.26580301712147,0.5265624,ext
20.857763000000002,1.8025e+42,0403100101,26.57159271944437,297341,188.74852402922286,57.440248347165834,0.5209590000000001,ext
20.400114000000002,7.5575e+42,0722660201,28.880441398924713,296582,188.88381041954585,57.141502141485034,0.54194325,ext
27.325871999999997,6.91992e+42,0111550401,62.12278156156625,102606,188.96096459345586,119.32298101926335,0.46180370000000004,ext
20.903528,2.01978e+42,0403100101,26.64217682413421,35709,189.0054003196046,113.03439373118636,0.21282214,ext
20.995058,0.0,0780291001,13.389825606785012,168132,189.0736871557781,52.35308698047447,0.5277347,ext
25.617314999999998,2.89477e+42,0403100101,26.48144124703759,361705,189.0799929667991,56.16849592214521,0.5380568,ext
26.913988,6.72934e+42,0149900301,18.401424027818766,67524,190.39601075039096,62.50583953955129,0.42347735,ext
23.771463,2.11705e+42,0202180201,33.274353132755124,398136,190.3360305071764,61.80889786528496,0.5164372,ext
110.297676,4.926930000000001e+42,0302581501,16.83940683913422,3950,191.0080477734267,51.178697701504916,0.55963725,ext
27.310616999999997,6.10381e+42,0306680201,67.47643049493907,145064,191.3130035008897,135.50263172299992,0.5130008,ext
20.552664,7.181330000000001e+41,0503610101,5.376107293954469,35265,192.50046985262009,67.99086743035332,0.35341406,ext
25.220685999999997,7.02208e+41,0143150201,26.42121449627353,54899,192.7312527404996,67.89347753935999,0.40905398,ext
20.659449,2.92221e+42,0082990101,15.870715062848447,37714,193.22161266848823,66.72102791259249,0.37977055,ext
29.080194,6.7814e+43,0300530501,27.828704426840268,120437,194.96035609170244,57.52615353563897,0.52861726,ext
25.983435,0.0,0204040101,28.4458271278409,45060,195.1049867499408,70.59791413896619,0.3975087,ext
24.747782,0.0,0136000101,67.4453275566715,38982,195.88453666693843,154.3450681573745,0.42456499999999997,ext
28.36321,1.06398e+43,0017940101,18.144908989854333,113137,196.25862495139043,51.64932099618227,0.5579531,ext
22.38326,5.14881e+42,0201750201,-1.5827525222736285,264012,197.28963907073143,49.50811424262156,0.5509951999999999,ext
26.639398999999997,3.66041e+41,0020540401,32.364829048307364,37702,197.59264284444092,68.40540213344184,0.43935844,ext
42.48932,1.27328e+43,0301340501,57.37044822799278,39358,197.61812267324242,93.06370248540361,0.539579,ext
152.5387,0.0,0653530101,51.817445557395324,16,198.77181588825118,130.84476070365554,0.28025222,ext
52.923719999999996,2.346820000000001e+42,0206180201,65.8148512618946,13775,201.49512250747932,138.24911464857905,0.45197397,ext
21.467962,0.0,0200730201,7.746108241781948,181419,201.63423263295527,50.32893041397983,0.5446578000000001,ext
30.04125800000001,0.0,0405690201,58.58128747261307,72301,202.45392188549118,107.9246587803027,0.45633113,ext
22.001886,9.59177e+42,0112240301,-1.6901803986817483,124755,202.63026812844987,59.740733853755046,0.41946277,ext
20.583174,8.154410000000001e+42,0112240301,-1.8316092093756904,30870,202.94746905950782,75.89667081253992,0.30426243,ext
25.63257,6.07858e+42,0109661001,37.841506677131704,39064,203.74011378153745,81.67565798693204,0.37719515,ext
22.87142,0.0,0655380401,9.06036654408798,65206,204.33670656873082,57.1634919040207,0.45413026,ext
29.781923,0.0,0202460101,-0.042639719585725266,105917,206.0584824156821,54.897409037732814,0.47269085,ext
23.756207999999997,1.91005e+43,0111282601,0.4782192179287884,72610,206.3262877427807,54.78629307153824,0.47410232,ext
20.583174,1.0772e+43,0205190201,26.971229296874608,167202,207.5686262754664,60.74622370848601,0.48231450000000003,ext
20.750978,0.0,0205390301,63.77911800988506,130300,208.3060201221056,114.20706827525464,0.5351001999999999,ext
20.339094,2.90417e+42,0143650801,33.85164974927136,12653,208.51062409727825,145.0842064505423,0.17265737,ext
24.381662,0.0,0112250101,-2.285313865830014,151134,208.64426730605626,50.49562748170047,0.5351774,ext
23.588404,2.64158e+42,0551830201,2.92443918654769,173132,210.1456039833486,49.35659618640784,0.5543289,ext
25.90716,2.62081e+42,0551830201,2.710380672666872,152578,210.32511727029384,51.57310590270754,0.5188282,ext
21.239138,3.10055e+42,0674740101,25.10667773215643,22430,211.55423361281947,119.85019333195623,0.19532652,ext
27.661482,3.06469e+42,0674740101,25.06713768411385,48843,211.47563038579648,66.35748640399015,0.4156435000000001,ext
31.154871000000004,0.0,0503960101,52.80918063915308,72334,211.62592463214568,85.71867559096518,0.51439315,ext
22.642595,1.00963e+43,0092850101,26.321745769101106,169307,212.56086300690282,58.57953001866463,0.5044138,ext
31.200636,1.12304e+43,0765081001,53.5142554872532,83532,212.80771952763126,82.18427896069898,0.56165045,ext
23.023970000000002,1.10955e+43,0722140401,23.277939236555127,124569,213.9132747780091,54.940702060378044,0.5349662,ext
24.091818,0.0,0720111601,25.338431815502204,82821,214.55591314741667,61.73898959661983,0.461733,ext
23.359579999999998,0.0,0109960101,25.146753185498362,139991,214.6018410831706,54.38942125239237,0.5553188,ext
23.17652,7.47547e+42,0112230201,37.91357892598909,208540,216.2974770751325,61.74769173903769,0.56433946,ext
32.268485999999996,1.9081900000000001e+43,0111260701,41.970852953537886,11150,217.81356909106012,77.48327855930484,0.4412042000000001,ext
22.62734,9.460090000000001e+42,0111260701,42.02496568148076,12855,217.75689561152024,77.5928641292353,0.4408566,ext
25.083391,9.58353e+42,0601970101,13.36256338615494,57046,217.90291189419273,61.412143982852285,0.41912356,ext
29.248,4.04756e+42,0790181901,49.068225886061384,19669,218.68516651951958,103.17371326569855,0.35408774,ext
33.229546,3.44257e+42,0790181901,49.10754105725856,40466,218.8678483498282,82.60924521700872,0.48308307,ext
25.556295000000002,7.392490000000002e+42,0110930401,48.710146644486564,55078,218.88932090675254,95.91847880464002,0.38703525,ext
24.168093,7.88769e+42,0405200101,34.27546692277082,140524,219.4597042813627,59.62631450175877,0.55468535,ext
29.903963,6.21188e+42,0405200101,34.3085196283889,7145,219.76393790106857,74.58852853364988,0.401631,ext
37.04329,4.47657e+43,0795711401,12.054122627781465,26000,219.9108661294113,59.62950112453882,0.43366513,ext
29.141214,3.183290000000001e+43,0300210701,3.436064297815358,111304,220.2330454769896,50.32868887141149,0.5386554,ext
28.79035,1.12339e+43,0300210701,3.3263670305038398,156375,220.29433444085763,50.90974821249574,0.5293736,ext
23.451109,3.57779e+43,0651100301,53.32309132753869,85080,220.2480885027309,95.56635004116742,0.44698760000000004,ext
24.900331,6.6098e+42,0504480301,-0.6596740751734135,217660,220.52467676358188,50.47656209795832,0.53489125,ext
28.36321,3.57978e+42,0651890301,1.9179002784824184,69827,221.0684601870421,57.26445000588001,0.44531637,ext
34.099083,2.08692e+42,0651890301,1.9603829634442205,16189,221.1958723808164,59.35190308367737,0.4234059,ext
28.866625,0.0,0651890301,2.0010517678395416,201889,221.31805079744183,48.81324296187586,0.5631440999999999,ext
24.457937,0.0,0150350101,3.3923317429162907,26636,223.46466566343202,66.98190263972492,0.35928598,ext
42.74865,1.02495e+43,0145020101,18.815240482158814,16396,223.7367405848913,61.37141439247671,0.436015,ext
20.308584,8.01834e+42,0783520501,21.426463671309733,139378,224.01703621411664,58.31355777746694,0.48045879999999996,ext
45.586075,1.3267800000000004e+43,0670300101,24.727932656227765,44007,224.060399938808,57.8596986376283,0.5037318000000001,ext
26.0292,3.09702e+43,0401270301,49.64666985857275,120449,224.64346448899656,82.11028296769882,0.4952388,ext
20.247564,0.0,0300320101,0.2278670230341811,7843,228.24705603479183,97.24749505493264,0.22290704,ext
32.970215,1.84869e+42,0741300101,55.42703382724614,19466,229.00791814164106,115.4701997593861,0.36922140000000003,ext
28.180151000000002,9.96486e+42,0744930401,6.799637734788267,91019,229.259819369765,51.076839422228204,0.53103286,ext
37.882317,2.25979e+43,0693661101,29.285977182769265,46938,229.56353708416577,56.6909908227899,0.55173427,ext
55.684868,0.0,0018741001,6.2383648710903294,568,229.66908370188355,190.80492914994238,0.103277326,ext
22.291729999999998,1.12123e+43,0693661101,29.55321772709691,181766,229.80308880275413,59.5010152042164,0.5151918,ext
25.525785,1.62043e+43,0723801501,7.621769082308584,152598,230.5740853495985,51.71804658414203,0.5226581,ext
26.166494,1.54726e+43,0550360101,8.695833644276554,21378,230.71608739549083,73.86965230025453,0.31972268,ext
23.20703,1.2291900000000002e+43,0783881201,54.10694288553398,102337,231.7661567253632,93.34321506242986,0.4748549,ext
20.949293,5.42838e+42,0740620301,17.10072920887513,196788,235.03740573692954,51.76259298432342,0.5512439,ext
21.345922,6.94123e+43,0060370901,53.95492221972125,103516,235.93190076896408,86.78041505720557,0.5256783,ext
34.007553,0.0,0060370901,53.91975858790575,44949,236.08459109375656,90.69971453196786,0.49188173,ext
50.147316,5.13382e+42,0655380901,2.5650414089546807,41882,236.50585494997608,50.469245033013976,0.53576005,ext
23.939268,2.07412e+43,0655380901,2.3952501468881944,117257,236.59702795159671,57.59481173358836,0.44189880000000004,ext
20.07976,7.2603e+42,0790380901,11.347962595077007,326846,239.0053400270721,52.305129069372924,0.52233374,ext
41.6808,6.911020000000002e+42,0693661301,44.769339191366214,27718,239.1021348914031,77.57708242891113,0.47049004,ext
44.121596999999994,7.183820000000002e+42,0694440501,27.193502742647176,63711,239.81763313198243,59.0836106121742,0.503754,ext
24.290132999999997,0.0,0744290201,34.942406842024376,83501,240.0056669840196,64.86379357432952,0.4951788,ext
26.898733,4.696080000000001e+42,0743350501,51.26981132601224,8823,242.91845149673856,109.01008190535322,0.34987290000000004,ext
20.232310000000002,1.41666e+44,0103460801,12.247732040498676,128915,244.222189850356,59.81613473619518,0.43220612,ext
26.349553999999998,2.43465e+43,0784521701,39.1779810773526,87721,246.3856175684744,67.32157439489583,0.50897205,ext
20.07976,2.9469300000000007e+41,0784521101,39.36637156865386,54445,246.50989943198934,84.36468921565847,0.37153244,ext
20.888273,1.99448e+43,0784521101,39.63016365499474,140841,246.65947210384635,69.15704148702844,0.49392763,ext
33.382095,0.0,0505011201,34.91215392975904,93205,246.78818900202003,60.02005762104545,0.5555948,ext
22.047651000000002,5.95842e+42,0723801201,39.39096304064545,116210,247.15978793228302,66.92486053246967,0.51576024,ext
40.475662,0.0,0723801201,39.529668903500976,11397,247.23530274215344,81.14903827417947,0.39301324,ext
43.969048,2.40087e+43,0556210301,33.377074733333416,11795,248.48531190462367,71.9188221043737,0.41612938,ext
24.198603,9.45213e+42,0723260201,43.64761132068576,282728,250.2060222660465,74.16829929937876,0.48848772,ext
22.99346,3.14553e+43,0605000501,46.76787016274995,80950,250.28680819962742,78.37205594256602,0.48831220000000003,ext
23.23754,4.122500000000001e+42,0603500701,39.512081448622716,54257,250.8609490037218,87.19790538306142,0.35636222,ext
23.405344,0.0,0652570201,39.78680588925041,195841,253.31129686038472,66.31265339705124,0.5273164,ext
28.058111,1.4006200000000002e+43,0672910101,33.69443604198769,22258,255.664769741942,58.43014341023718,0.56613123,ext
20.781488,1.09862e+43,0693180901,32.297936368916524,41088,260.68503011641184,63.504523130518464,0.4883452999999999,ext
20.247564,8.23267e+42,0404190101,-5.880236790501278,201906,327.56439527030136,51.01642136974078,0.5305631,ext
26.944498,1.76577e+43,0744390301,-7.5918696529842045,148131,327.596247507672,50.65981487255158,0.53901434,ext
24.595232,0.0,0603590101,-5.684316036696651,130025,327.6565819842102,60.121720140523394,0.4183768,ext
20.811998000000006,1.25374e+41,0111270101,17.55824364001845,9275,328.53155899254295,94.10032658365708,0.24608916,ext
21.071333,4.1672e+42,0654440101,-7.739761958157902,195443,329.1830869849132,55.29271184113895,0.47404589999999996,ext
22.8104,3.29391e+42,0404450101,18.933935557491935,37729,330.9299605838204,72.47166512117929,0.34751457,ext
20.903528,7.21753e+42,0693010601,-3.713601709703132,93096,332.9158103289806,53.23992129983708,0.49576908,ext
29.766668,0.0,0401920101,-1.6601866177431568,7113,335.8109623440462,78.90910968412754,0.28937566,ext
20.567919,8.630530000000002e+42,0762470101,17.320787247977474,53666,336.5299511335131,70.77040410285917,0.35432866,ext
30.681966999999997,0.0,0206400101,29.69379384041688,38093,340.47301247070715,70.08751798298363,0.40828592,ext
24.046053,0.0,0206400101,29.808599274418174,41476,340.77134212862615,66.06325427369484,0.4443268,ext
22.230711,2.2317700000000002e+42,0503490201,-9.435329220119053,126870,340.93467568229977,59.24216899475141,0.43235013,ext
22.673105,0.0,0762871101,5.4311206619249175,164,344.13975116162993,122.96552554687423,0.16949223,ext
25.312216,8.77494e+42,0743900401,-5.051456804794976,173494,346.7108460746544,49.35653752741018,0.5565150999999999,ext
38.065376,1.49288e+43,0161560141,-6.708513971699258,8473,347.5405149882856,66.12625698865031,0.36808655,ext
32.009147999999996,0.0,0604060101,21.435705893984228,211983,347.61442553563865,52.09879960802937,0.5682590999999999,ext
22.154435999999997,3.57341e+42,0502500101,18.67643814431989,31541,348.00531005166533,60.539434764245925,0.4440076,ext
24.976606,5.34761e+42,0502500101,18.76152682889216,58930,348.0316291560469,66.2676940988149,0.39166617,ext
29.812433000000002,0.0,0501110101,-2.340527023643932,78976,348.7684433130986,51.48263071266683,0.51995647,ext
20.522154,1.09363e+43,0745320101,1.8117517338850824,248678,349.19417309738145,51.00528197103813,0.5269583999999999,ext
20.796743,0.0,0204180101,16.712846998147178,52768,350.87965639978813,59.42807841161084,0.4488244000000001,ext
21.986631,2.14212e+42,0553870101,28.529805625196254,493629,351.3079227859443,56.60231249464687,0.5469841,ext
57.073074,2.80582e+43,0302820101,5.432251966235999,34839,352.12661794885736,49.448155218738066,0.5554576999999999,ext
29.446314,0.0,0502430301,15.023088472182165,183736,352.19984623786314,49.66223363373956,0.5779168,ext
25.434256,7.262450000000002e+42,0502430301,15.090184304643907,187983,352.36207609141366,53.76447185476536,0.51297903,ext
24.427426999999998,0.0,0673002341,-0.4275916067986517,148998,352.59832325570954,51.98166529344235,0.5119646,ext
27.951326,0.0,0303560901,28.761907811521354,108061,353.04258152813844,60.09464348915117,0.50195867,ext
20.01874,4.32163e+42,0147580301,19.599402386166343,55415,352.99495591479615,70.23710979394764,0.36438605,ext
20.14078,9.189190000000001e+42,0693010801,-8.997679116092359,471117,355.3698651503677,49.578770140215056,0.5599064,ext
20.827253,5.62579e+42,0152860101,-2.419208725731605,144744,356.92239742516716,58.69936743808921,0.43021217,ext
20.38486,7.26686e+42,0152860101,-2.1654253729546062,178445,356.81321002178686,53.91421672775323,0.4857518,ext
39.484085,1.04962e+43,0655380201,2.2161070679349346,21682,357.3481740020626,59.953285313349625,0.41757116,ext
32.863426000000004,2.4139e+43,0203390801,20.778858171838472,63047,357.9361999872503,58.759847584701674,0.47219083,ext
31.414206,0.0,0111530101,64.39091867375922,3633,219.66137907558232,332.0413246257317,0.14111462,ext
42.13845,5.2905200000000004e+42,0066950201,17.061727036514807,3893,174.79166967930215,81.71313130430917,0.29298607,ext
53.28984000000001,3.62335e+43,0650384901,7.597035060787313,5151,353.56451363015054,65.65311861040755,0.37266624,ext
33.290565,3.00768e+43,0677600137,-5.736739411387163,12193,37.99879424672428,68.80304164666882,0.34813845,ext
30.758242,0.0,0556213801,54.0129116163027,18363,229.74224055334443,132.53474523423847,0.29413965,ext
36.84498,0.0,0650382801,16.654895258583032,29501,231.63966279177743,57.03638937271762,0.47587472,ext
20.156034,8.9022e+42,0149880101,33.48715755400205,29721,227.41076292400368,74.60757011491523,0.3961959000000001,ext
23.740953,0.0,0153220301,20.79447441777064,32150,186.36264311218457,72.51779512255325,0.3527004,ext
32.573586,1.46493e+43,0044740201,1.9101651907538053,36184,177.6196343204374,56.37353926516653,0.45537594,ext
30.132788,0.0,0201900101,2.245819126245261,36804,0.9001656109351188,60.28522901869766,0.41438153,ext
29.18698,0.0,0747410138,-0.10314843113529264,40440,21.7993047928112,60.871015951265406,0.40841463,ext
24.85456700000001,2.95807e+43,0200730301,3.8039889249662284,43877,20.27139128077482,71.1568530248357,0.33171597,ext
32.131187,2.33524e+43,0203450101,13.953555275882778,45193,134.6056889773521,54.516890604816126,0.498795,ext
20.888273,0.0,0605391501,20.587226313934387,50382,118.07153897220141,66.69277326520273,0.39436164,ext
23.725698,0.0,0111970701,3.3436329625652323,55373,174.61320601299266,62.85759250645242,0.39163208,ext
33.351585,0.0,0783272801,10.129193291784034,64209,347.83948095322785,52.436976993976714,0.51727617,ext
26.608889,6.8761e+43,0694580101,12.022837399489406,95002,334.96431755732164,53.68822690188608,0.5043488,ext
25.007116,0.0,0312190101,31.79261135553337,95340,14.954689594265005,63.55065290219457,0.48392546,ext
35.76187,9.31245e+42,0106061101,16.021084890020248,100455,187.72720862000043,50.986706321475594,0.55925167,ext
22.017141,0.0,0203980101,32.16254141753459,113769,29.23007951696837,66.59317585778695,0.45501032,ext
27.066538,0.0,0744220301,46.25761738224916,124284,178.37875395417197,73.23627445277907,0.5323102,ext
23.359579999999998,5.592860000000001e+42,0065140201,-9.746699971945404,124305,10.638792557292037,57.718653528583275,0.44918776,ext
26.18175,3.61899e+43,0556212101,58.89347482177765,124994,159.60193865131663,111.04466403464812,0.44381517,ext
20.644194,2.62438e+43,0143650701,24.005144844952284,146297,233.04817867560521,54.04000819403336,0.5530793,ext
25.861395,2.57152e+43,0691010901,39.32032979105225,146632,246.1569646309156,64.270707905996,0.5471050000000001,ext
31.139615999999997,8.701250000000001e+43,0677182201,-6.495323979682662,170937,336.49422892672436,48.876841323294684,0.56704706,ext
25.159666,0.0,0693540601,12.81253253896374,194801,28.171936758068398,50.74785711404246,0.55107796,ext
22.017141,0.0,0312191001,60.00969172491912,272082,135.6361470952169,108.56914505047826,0.48064655,ext
20.278074,0.0,0303820301,29.617254142957396,286486,138.9440282123023,57.494085403629924,0.5428095000000001,ext
21.544237,6.92494e+42,0693430401,10.589737059636263,359940,163.18654419228915,50.296874811135694,0.5518223000000001,ext
68.712616,1.78546e+44,0650382401,47.04839321440205,1238,194.50873965819355,99.0168401317078,0.35498303,ext
84.62356,3.97226e+43,0605391501,20.741579710231886,1378,118.00826163336231,69.50302923758045,0.37327638,ext
63.236084,0.0,0747440139,-0.1121952641709063,3723,27.21174562313713,65.26375925079293,0.3712199,ext
52.96948199999999,1.9230400000000001e+43,0305750501,0.6262847067333189,13004,158.34555129004102,56.86718746818542,0.44942766,ext
24.457937,0.0,0670350501,42.89608404769018,15521,246.87433346810013,127.0777878483841,0.23511745,ext
27.493677,0.0,0670020201,-0.7751409041022729,28290,335.3380242156163,64.78838083628489,0.37496132,ext
21.178117999999998,3.93671e+42,0152530101,28.235178651943432,106108,122.76840260710355,70.81424811735815,0.3947593,ext
25.251196,0.0,0301450401,25.297134244999672,179126,13.83705181809222,56.102822044832834,0.53095454,ext
26.486849,4.80004e+43,0747400139,-0.053590910722703305,48148,19.185708714896226,58.23933370075167,0.43445835,ext
22.368006,0.0,0724790934,42.89312333922293,178937,121.08060050977971,71.05617791070244,0.5108437,ext
31.093851,0.0,0724791333,42.04114216429736,71084,127.59092647250755,69.46561132573947,0.51772213,ext
33.809235,0.0,0600460233,18.449100786043235,56266,138.34713485621964,56.77230179016988,0.48602876,ext
22.71887000000001,0.0,0200080233,6.038746353657652,16966,168.1442347208747,53.27243112622,0.49784115,ext
37.180588,0.0,0200080732,6.25494505901259,28544,168.32834394138422,56.11141436295384,0.46199802,ext
29.629374,0.0,0200080733,6.1812079981170776,145803,168.49093635011488,51.67603114034591,0.52092403,ext
45.143684,0.0,0795730101,53.205821196010476,37885,173.1187888069354,97.68458196355141,0.43165773,ext
97.77334599999999,0.0,0827011101,10.578599776044475,117,187.6803245126088,121.32803044894445,0.17473249,ext
23.603659,0.0,0672160431,38.146614956882416,151818,260.4902578518021,65.53336586355272,0.5184996000000001,ext
158.24406000000005,0.0,0827020301,27.548647731379965,56,183.0770101051668,78.50782841993578,0.34052584,ext
113.59275,0.0,0827020901,21.480468465308213,74,170.99501800005066,116.78343717937878,0.1950162,ext
96.76652,0.0,0827010601,29.88895918209888,92,231.03093336204387,194.02602317901483,0.11798506,ext
91.25947,0.0,0827020101,20.96925403403532,118,330.2190235630608,142.33244738161375,0.15408935,ext
82.51836999999998,0.0,0827031401,37.29129936065824,180,215.417001656056,156.2316363625314,0.16651294,ext
73.76201999999998,0.0,0784450101,52.22560603753146,635,135.75925236627722,168.08277637683204,0.20803237,ext
76.67571,0.0,0802750101,32.831843051393946,693,152.57224726545869,91.61517232737424,0.29855186,ext
56.462875,0.0,0827021101,42.421473486098186,1136,259.27820234946165,157.5327656636773,0.17998983,ext
63.373375,3.16264e+45,0501010101,15.083309160077398,1508,129.40555266723393,85.68374966257579,0.27234572,ext
86.22533,4.24081e+43,0651790101,9.411925851169519,2190,186.6672642023588,62.96161299393361,0.3971565,ext
34.251633,0.0,0802750501,27.30263752905726,3065,240.4356684115892,134.24078065264666,0.17469849999999998,ext
86.499916,0.0,0802750101,32.92626622372658,3463,152.3325649444131,62.64373034168784,0.50335044,ext
46.989532000000004,4.7177500000000003e+42,0747390143,0.1372188316453605,4421,16.628438169936473,84.53963039224988,0.26503098,ext
35.79238,0.0,0802750201,24.07442653159864,4537,141.50700407935705,105.3202347398269,0.22598341,ext
72.22126,0.0,0804271501,52.202814085815724,4982,212.8355560996749,91.24729763768755,0.46027836,ext
48.40825,0.0,0804272501,54.217889806211176,5321,212.94415494602902,114.79823710158144,0.35742070000000004,ext
59.98676999999999,1.43041e+43,0404967001,-4.451546364058701,5542,34.15078430314041,58.65867182836553,0.43191797,ext
24.717272,4.10841e+42,0111270101,17.733144172879893,5568,328.2139736872747,100.33865404118387,0.22767924,ext
30.529417,7.57276e+42,0693010101,3.5082831315614693,6047,347.88311648071715,67.22127177188213,0.35762793,ext
33.305824,1.14528e+45,0742510701,29.054990743754296,6576,143.21319973935664,87.95785177700282,0.29901165,ext
48.05738,0.0,0827020101,21.02267955651152,9919,330.27936668447256,67.31722760478078,0.39089683,ext
75.08919499999998,1.32588e+43,0674660201,-3.5300992402969813,11885,180.4374493486646,51.03893969159117,0.5275486,ext
45.997963,0.0,0784350101,2.2555265240905147,12170,132.32210564261652,64.87397359995839,0.37463987,ext
66.80575,0.0,0804270801,52.61299847176328,12204,212.02662277061245,82.16564176277643,0.54430634,ext
27.890306,0.0,0803240301,25.77688077667514,12258,167.13691334702446,119.5620654055233,0.19719103,ext
41.65029000000001,3.08634e+43,0202770301,28.783818264985808,12376,29.45878114586833,70.24701223799639,0.4020296,ext
23.130754,0.0,0827020301,27.451267298517777,12502,183.24639050422482,130.93323999423774,0.18017215,ext
29.400548999999998,8.500080000000002e+42,0747390144,0.14713123133492967,12831,16.86172789525665,85.20107437697959,0.26245114,ext
25.952925,0.0,0747440134,-0.3999453607039786,13380,27.15246610965451,66.53002431300621,0.36172882,ext
28.48525,1.11619e+43,0677630134,-4.942331153382729,13616,32.12074640101328,76.11135533127822,0.30441907,ext
27.707247,2.08672e+43,0673000132,0.7446047844115837,13727,334.7963537181194,68.34679281605531,0.34893528,ext
39.545105,6.21585e+42,0200650101,13.190358044717081,14435,188.97642644354252,66.02387708692277,0.37892947,ext
34.358414,1.08896e+43,0110990201,1.3444405051852628,14498,186.72489252953247,65.87042997314256,0.36674014,ext
49.201508000000004,3.10522e+43,0655800501,42.94021379906695,15045,181.9290177301395,75.27385856171804,0.47012135,ext
26.669909000000004,0.0,0803951801,4.3284800004683195,15171,145.35384728454727,68.28553985500321,0.35064486,ext
22.99346,0.0,0802750301,47.97450671739646,16340,180.1950403465769,122.32056306795585,0.2758975,ext
25.63257,8.79428e+42,0722530101,49.87517334419877,17350,182.28308370406444,117.41758062366898,0.30523765,ext
34.907593,0.0,0803952801,11.222868034254224,17427,191.69319450458846,65.72091366315362,0.37748206,ext
22.017141,0.0,0148742601,42.21208463696543,17677,216.22468513484446,82.86669938041769,0.4037643,ext
44.518227,3.0366e+43,0083240201,5.989146899850861,17739,137.6852328593788,54.74355301016658,0.47838852,ext
53.884780000000006,2.65883e+43,0106061301,17.84812625109895,17843,187.86662479103472,57.30785243446235,0.47705847,ext
22.62734,3.7705300000000004e+42,0401270401,50.05815886973422,18443,122.94988956976759,129.8234216211256,0.26980698,ext
24.351152,1.35848e+43,0655346842,-0.9100761934945101,18692,333.60311206711106,84.3384280753753,0.26586705,ext
22.551064999999998,0.0,0204651101,38.96786044385134,18839,204.41693284733958,113.27040066169047,0.25182167,ext
35.42626,8.0246e+42,0763300101,35.26957287971157,19217,213.85943851414916,75.67700030514288,0.40006440000000004,ext
27.630971999999996,2.51812e+43,0148742101,51.80656214711996,19770,123.51520596486144,109.06914231657083,0.35518384,ext
35.45677,4.6341e+42,0650380601,2.7223476146221577,19981,8.705586693990142,63.633618780323786,0.38480294,ext
46.287804,1.28703e+43,0551720101,32.534802492192476,20002,16.668378005975455,63.629614084292996,0.48881105,ext
24.396917000000002,7.92471e+42,0650382001,50.201710762682076,20039,173.54690073775902,110.0648191572077,0.33512938,ext
23.832483,0.0,0803950901,31.58235359414989,20422,180.01577204506378,81.2239782913025,0.34321928,ext
34.999123,0.0,0801790601,5.383539371435993,20524,193.0890228890369,61.62606479290389,0.40396529999999997,ext
34.114334,7.19041e+43,0655380601,0.3038714536213525,20669,38.36847945288649,62.543065531440334,0.393421,ext
20.14078,0.0,0804270301,53.86768771564697,20758,212.9465001593037,130.277270360682,0.29935974,ext
40.002753999999996,0.0,0803950501,36.9675666100524,20957,232.99268138183788,73.78387392357126,0.42709354,ext
31.23114600000001,0.0,0804271401,52.846935116451995,21159,213.29680881626183,98.91784494254807,0.41920704,ext
25.7241,8.89306e+42,0202870201,9.028492030994608,21754,160.0751914460428,65.68512066924086,0.37426534,ext
28.653055,2.86889e+43,0083240201,5.962422438143553,22096,137.7358343587515,50.0244501241923,0.54656875,ext
35.82289,2.06835e+43,0725290152,-0.5643427104210136,22131,136.05037196567466,53.419282281686264,0.49185616,ext
29.705647999999997,6.28689e+42,0201900101,2.1632783745288746,22263,0.7967157259575401,61.88053158176472,0.3996159,ext
21.254393,6.281410000000001e+42,0693661701,22.39118433606401,22605,177.58734807471043,91.39687014408082,0.26516032,ext
30.468396999999996,2.6452600000000004e+43,0742830145,0.12169934447492632,22650,15.19476318309572,58.92035584809889,0.42741019999999996,ext
26.27328,0.0,0763940701,41.1948974683788,22847,210.49159280789726,115.38949079508711,0.25630835,ext
32.100677000000005,6.90427e+42,0551720101,32.365840605100004,22902,17.008959480398516,74.2119241186046,0.3922084,ext
69.810974,2.01213e+43,0720340301,1.6610575733458388,22923,131.7217829865534,49.27865228570454,0.5549158000000001,ext
38.873886,2.82495e+43,0037981201,-3.038146565002325,23069,35.903418432960294,57.40093929620116,0.44435024,ext
38.01960800000001,0.0,0212480701,42.053352760094256,23128,217.62262800132441,81.19824800266997,0.41388175,ext
31.61252,2.09926e+43,0650382401,47.023934610003366,23314,194.5046413051279,72.2069576376498,0.5555185,ext
26.95975300000001,6.17649e+42,0401920101,-1.42734476518402,23338,335.95339332471843,74.37266459114653,0.31229115,ext
34.312653000000005,0.0,0650380401,-7.98331908831312,23480,8.564333323359051,58.598563567858974,0.43666540000000004,ext
24.702017,0.0,0673000136,0.442155396217646,23701,333.67133536745985,69.9480978697693,0.33833688,ext
24.000288,1.30304e+42,0306050701,60.088732065454785,24793,158.5988049162574,187.13994992684775,0.23442878,ext
20.583174,1.05214e+43,0782420301,17.997818348299987,25911,329.6379834595769,72.2054348570282,0.34669083,ext
27.41740200000001,0.0,0722610301,23.60168691012651,25919,233.88473622494863,71.19550710318663,0.3714004,ext
27.844541999999997,6.54675e+42,0081340801,2.6447833429816807,26522,183.4665140630744,63.35301269751881,0.38709992,ext
23.039225,0.0,0803950901,31.617733782679228,26916,179.85184701492622,86.87590174847628,0.3143225,ext
20.537409,0.0,0804272501,54.06929130085707,27784,213.07521560800888,115.95214807754246,0.35098374,ext
20.064505,8.684340000000002e+43,0655570701,24.39859560064011,28360,237.66031834612326,60.257974844887485,0.472954,ext
44.213127,4.18855e+43,0673002331,-0.07396296727639405,28506,353.15129276563965,52.49370331691807,0.5045954,ext
23.832483,0.0,0801790601,5.417102374716762,28856,193.24108461168598,66.98673464135254,0.36056540000000004,ext
29.400548999999998,9.91356e+42,0204630301,0.2351444395860572,28979,218.91366286130315,59.584034380338835,0.42075622,ext
23.649424,2.4944100000000002e+42,0150620101,30.235075647395558,29138,140.28296365546572,85.5181068030447,0.31485227,ext
24.122328,1.3044600000000001e+43,0112551101,8.370506437349098,29166,192.0794372647842,68.57741233682191,0.35233262,ext
28.805605,9.74377e+42,0203170301,0.1831243190644537,29221,188.2919617308281,62.60404455047137,0.39289227,ext
24.595232,1.4583800000000004e+43,0741031301,53.969724609328864,29572,170.2369481468283,109.79876395123256,0.37652022,ext
36.189009999999996,9.24274e+42,0504101301,47.08320834948845,30194,170.84894840265991,80.05650152193766,0.4775238000000001,ext
40.063774,2.18012e+43,0303110101,-0.9424978701692712,31012,29.439702228504768,51.70040361013548,0.5161773000000001,ext
59.635909999999996,0.0,0783270201,13.381661726362307,31335,7.457699495502938,51.540183625598246,0.5402245,ext
23.17652,7.193230000000001e+42,0112190401,1.1806762045143029,31699,233.76679855657815,69.66972090914396,0.3402106,ext
25.083391,2.91408e+43,0747440136,-0.4167224202073914,31972,27.47952822901973,62.751243930247824,0.39163858,ext
30.498907,3.40059e+42,0091140401,4.830730799857873,32256,233.0007304958139,65.50685057991359,0.3711359,ext
22.337495999999998,0.0,0093640401,33.98542497592444,32275,200.03504158137642,87.65161115791216,0.32168734,ext
20.705214,2.6750000000000012e+42,0742830151,0.486654463387395,32602,14.935951479015536,62.27166250297955,0.3957943,ext
40.796013,0.0,0673150401,30.04680754539093,33209,138.98330335693166,60.9709110722406,0.50060755,ext
29.522589,9.019530000000001e+42,0504101301,47.14147085319761,33243,170.93604825315356,77.31409116184977,0.50325453,ext
62.946236,0.0,0670880401,11.666567387414133,33261,343.3834924409806,50.616258114837365,0.5496194999999999,ext
37.31788,4.7043e+42,0305920401,3.5488929828696274,33453,218.52952793475015,61.940058453262736,0.39974824,ext
23.679934,0.0,0803951001,-0.11038777608418307,33543,338.52867413077206,62.796040451530644,0.39124286,ext
27.890306,9.137130000000001e+42,0747190631,-6.131389709132455,33833,31.274518242113786,62.13376818640626,0.40013704,ext
28.36321,1.5502700000000004e+43,0556210401,50.9158095033543,33971,142.2758376230036,95.20846191148848,0.41643846,ext
22.917185,4.08362e+42,0784060801,6.0757394759848085,34453,152.71465317179909,75.01656398219438,0.31095698,ext
22.56632,0.0,0300910101,28.19293792545186,34718,217.96753554274449,75.34794218714751,0.36260054,ext
21.391687,0.0,0780291001,13.496517888420474,35492,188.84213861588486,70.22075280315221,0.3493386,ext
30.148042999999998,0.0,0795730101,53.05035033645583,35639,172.8782327206446,101.34686989965758,0.40794006,ext
30.010748,5.74127e+42,0653290201,-1.9987100517783327,35833,0.9717835544110756,58.034848766756575,0.4369953,ext
44.655525,6.1538e+43,0037980801,-3.60090999109891,36202,36.04943656344932,49.067965349698284,0.5598605,ext
29.720903000000003,4.77985e+43,0747420137,-0.4628061254047306,36665,24.020114272415697,59.04847684930559,0.42612538,ext
26.258024,5.56269e+43,0303561101,17.023595259918267,37287,134.85304660345778,63.0870122648048,0.41357848,ext
30.865026,9.649550000000001e+42,0301900501,31.95481228043351,37597,197.65887915444225,72.49913952670113,0.40251678,ext
25.647825,0.0,0103860301,8.127770414862097,37754,340.21721874866404,63.26117005103242,0.3927002,ext
22.215456,1.4606500000000002e+42,0150600101,-5.672466250894222,38471,320.770850479206,83.63030270038507,0.27032682,ext
56.584915,1.15822e+44,0066950201,17.04696982855405,38542,174.9200111500687,49.89403343605545,0.582825,ext
33.290565,1.09539e+43,0502480701,3.375017155907856,38798,215.2592956975745,57.384845529395534,0.44473615,ext
24.457937,7.11053e+42,0653810501,40.410615362786174,38935,158.06239490714003,86.73481765476936,0.3653241,ext
33.900764,1.94929e+43,0200430201,10.200973779117199,39204,331.82411642968134,54.969220565976684,0.48282263,ext
25.96818,1.84277e+42,0140960101,28.274274893770805,39839,211.84541195069,79.08253458649597,0.340258,ext
33.443115,5.842040000000001e+42,0693750401,3.4477560121724777,40250,359.18737625215874,55.12527017433513,0.47110692,ext
31.30742,1.55734e+43,0655343842,-8.677548007917618,40293,35.24350044689789,52.851104231362456,0.5081242,ext
30.956556,3.63283e+43,0112551401,37.15871855629923,40545,178.17030655283142,77.27211106334835,0.4018866,ext
29.568354,8.478790000000002e+42,0106460101,46.93433933659856,41005,145.51343316557845,91.02897712194817,0.3967668,ext
28.088621000000003,1.05922e+43,0673150201,30.09597888887428,41310,140.70258357981206,70.24147313146614,0.40933225,ext
21.590002,1.28717e+43,0747420144,0.03160166827187878,41635,22.880008913125092,63.45059056532705,0.3857261,ext
22.306986,0.0,0827020101,20.983923912272648,41986,330.3151634141005,54.58649389468064,0.5271718000000001,ext
20.934038,0.0,0035940201,36.50784548065203,42295,184.01633859655342,88.81624100424688,0.32934209999999997,ext
54.159369999999996,8.77883e+42,0401040101,-2.695869120081854,42518,226.19072812102857,49.11947858026906,0.5582271,ext
41.284172,2.34437e+43,0763911301,0.2516659739708579,42728,333.08909050154307,52.49084626766489,0.50463784,ext
46.608162,3.29073e+43,0147110101,-2.836268600945127,43624,35.354676429302195,51.15925549593783,0.52516735,ext
21.315413,2.38535e+43,0700180201,-8.497608140460349,43704,24.168628666494268,58.9177695908873,0.43412176,ext
27.905561,4.20179e+45,0305751001,0.09053596168306496,43981,1.2447065811486675,53.34765584155203,0.4927877000000001,ext
23.32907,3.219e+42,0673150101,29.76964228405653,44024,140.35291370816043,72.45745617744888,0.3903969,ext
22.123926,5.102980000000001e+42,0693661101,29.53104409286211,44154,229.637603897014,54.16654042164737,0.593801,ext
23.512129,1.82123e+43,0501540201,-0.03898149034342248,44248,217.4697926558663,59.033903688566625,0.42625162,ext
29.263253999999996,8.51388e+42,0652401001,-0.018265551965143102,44423,351.9194285084249,56.32039294955575,0.45562857,ext
23.832483,1.83989e+43,0602200301,19.432841195571395,44486,176.28338889989647,64.83207945525464,0.40593728,ext
24.000288,6.40251e+42,0677180101,-4.0070394340428575,44593,334.5318625011899,65.26416844394589,0.372448,ext
21.239138,8.10072e+42,0151400201,25.256230231160675,44962,181.82402165986943,71.08770485651803,0.37884855,ext
38.797615,3.81992e+42,0212480701,42.16871394910379,45423,217.3933504364028,74.6053524107765,0.46779186,ext
41.39096,6.79076e+43,0677610137,-3.985209844508824,45542,31.502418736909018,48.208714479793,0.5755654,ext
26.883478000000004,7.87544e+42,0012440101,-1.437877674859528,46077,14.1574955608571,60.34171090957443,0.41358128,ext
29.202234000000004,7.84453e+42,0765001101,-9.266836960216088,46088,24.2033417058523,58.81295260326027,0.43651086,ext
52.420303000000004,6.34464e+43,0650384101,9.769007659039806,46730,327.23277633609894,49.84932146187475,0.55717087,ext
45.891174,6.456640000000001e+42,0502500101,18.610713731777626,47108,348.05166648468764,60.55843345670837,0.44356564,ext
29.934472999999997,0.0,0804271501,52.28844135859007,47200,212.6434361908081,91.86133432841643,0.4571303,ext
22.154435999999997,2.69946e+43,0112551401,37.01010568415428,47416,178.0190556107469,82.3554957850206,0.36740762,ext
21.605257,0.0,0747430134,-0.3940447386502328,47651,25.073773302997843,66.7242354013311,0.36031409999999997,ext
23.390089,2.0771200000000002e+43,0035940201,36.12308626738343,47940,183.9482433800286,62.79269916278736,0.53098315,ext
42.291000000000004,1.24548e+43,0502780601,-1.0271506633173606,48035,224.36231339809663,49.09137681528364,0.55791485,ext
22.38326,5.3364000000000004e+42,0742830151,0.4184549797702622,48063,14.851484773632855,61.79893816087656,0.39996937,ext
32.222716999999996,0.0,0781590201,35.899459613959365,49265,120.28623579569746,66.12890334737926,0.48983243,ext
21.040823,1.52777e+43,0780790301,43.86895769823961,49334,201.91469268481944,87.63518236453365,0.38799140000000004,ext
35.65509,1.68731e+43,0784450501,25.300153913328238,49356,16.17421405749053,57.163928368632355,0.5163622999999999,ext
22.825654999999998,5.89806e+42,0205390301,63.64132202812942,49459,208.3131517163834,117.48203575934895,0.5093521,ext
28.210659999999997,4.61386e+42,0504100601,9.425892636779064,49920,189.8030650263207,59.651233838394546,0.42816877,ext
35.304221999999996,1.12874e+43,0603500701,39.632124018161676,50614,250.4821055097673,65.3129364864526,0.53763974,ext
23.222284,1.95513e+43,0151270201,50.2371591690826,51293,117.54672676069269,94.03331539397186,0.4152774,ext
47.00479,5.04167e+43,0301651701,29.152463948858642,51643,183.2488509196224,57.16357650824193,0.54378635,ext
25.32747,2.4051800000000003e+43,0304071801,26.96738288242355,51817,252.10498045441867,55.77918591880007,0.54722446,ext
43.08426,6.7638e+43,0304071301,28.50983456177604,52064,142.9075965272635,59.32347041789399,0.5097951000000001,ext
27.844541999999997,1.19677e+43,0652010401,-6.2059003774941015,52092,0.9292798175754908,52.150432608542104,0.5139429,ext
21.559492000000002,1.17385e+43,0501540201,-0.2718052721118308,53597,217.48867668448392,63.25689231830438,0.3873446,ext
37.897568,4.92268e+43,0504101501,64.19435924673868,53832,206.6401198653194,114.73073445999944,0.54342586,ext
32.649857,2.11729e+44,0303561601,-0.3199682488529846,54188,170.18837680350873,54.67901702186282,0.47543803,ext
39.590874,7.532700000000002e+42,0724790933,42.83359428604046,55137,120.99612449841186,69.905751149156,0.52260995,ext
29.415803999999998,3.2334800000000003e+43,0200430201,10.067537785429591,55271,331.85522000666475,57.75102525501552,0.44944936,ext
38.873886,1.73717e+43,0403190901,54.927333527425155,55412,130.3026241858166,91.44609534471329,0.5038495,ext
37.485687,0.0,0804270501,52.481556249330254,55619,213.69983342260085,84.22673964903424,0.52213484,ext
29.934472999999997,1.4875500000000001e+43,0201010101,32.56327049866829,56766,233.07897181349992,64.78209768421266,0.47644576,ext
20.934038,3.6153e+42,0149880101,33.55507939852681,56897,227.4089704203688,61.64490179485256,0.5209782000000001,ext
22.734125,2.75865e+43,0720252401,1.8648637779848567,56924,148.40215610341264,62.762130318128584,0.39181513,ext
36.509370000000004,7.138090000000001e+42,0205390301,63.55537679307678,56937,208.35887386532062,111.87042844740063,0.5454821999999999,ext
35.48728,0.0,0677600141,-5.705558039020736,57400,38.82684052225385,50.28771008616957,0.541882,ext
26.441084000000004,2.85783e+42,0742830142,0.14065117042187894,57542,14.337505496238524,52.71816194566412,0.50144017,ext
50.360886,1.6038200000000004e+43,0150620101,30.29013475924397,57880,140.39871347930966,56.02395017589288,0.570409,ext
35.60932000000001,5.01923e+43,0650380401,-7.709111382427912,60040,8.560645247110955,59.460276464378836,0.427382,ext
31.841345,9.32504e+42,0108670201,22.207100602932712,61693,224.23957124322075,58.32904695663501,0.48409456,ext
20.339094,3.04105e+42,0747420138,-0.1867613101766288,61979,23.812181803569608,63.432812902107116,0.38587615,ext
23.390089,2.38339e+43,0200430201,10.15863828404876,62406,331.8983974399343,58.474862725643106,0.44174474,ext
27.508932,0.0,0804270601,52.07058948174327,63139,212.9937122428376,92.04527621004672,0.45265335,ext
22.337495999999998,5.03393e+43,0304570101,59.14522587798789,63274,195.1933707748801,117.0713366804307,0.4162804,ext
22.123926,1.21201e+44,0677640137,-5.151957475027824,63350,31.182100790474657,60.689683172763864,0.4124233,ext
21.925611,2.64428e+42,0651280101,4.077678912600429,63550,349.1634890810559,75.74735577238698,0.305843,ext
30.04125800000001,3.97993e+42,0785102301,-5.408353087463634,63919,36.23479179721518,55.074230903119314,0.47354952,ext
29.629374,1.54696e+43,0721740101,30.637123083997587,64014,230.55365421317504,59.94771348455288,0.5178654,ext
23.420599,3.58278e+43,0411980501,48.56928143510623,64468,200.74004245028664,94.39568220176398,0.39410385,ext
24.503702,0.0,0762290201,-0.5912233307047325,64742,34.753137184505505,56.6044814353603,0.45239604,ext
25.556295000000002,6.033420000000001e+42,0152530101,28.0506887021152,65109,122.72995578712242,67.36411051874143,0.4220710999999999,ext
47.233612,5.0549e+42,0693661301,44.74682262449042,65536,239.34309224324187,66.56714182753376,0.59091836,ext
20.949293,0.0,0058940701,27.039672988237648,66047,193.75511992266726,63.868865826486854,0.44916147,ext
26.21226,1.00278e+44,0148740101,9.019253524963755,66219,134.30583296870114,50.81824159243524,0.53943545,ext
29.629374,6.115960000000001e+42,0112850101,17.594181087738995,67029,148.85470363784634,57.85831198865026,0.46955246,ext
22.53581,2.51295e+42,0677600136,-5.5540334784014265,67245,37.794746907277045,64.8478058294927,0.37685215,ext
45.113174,0.0,0790860101,0.5585124348580635,67446,147.2979175801438,47.87102375835275,0.57969993,ext
22.38326,0.0,0728970201,50.147821875225155,68116,117.00871931201624,99.58190545769412,0.38273709999999994,ext
21.361176999999998,6.735360000000002e+43,0741031501,54.61472225677268,68212,192.98222143603024,94.08946153747593,0.47788805,ext
29.797178000000002,3.90636e+43,0556210201,-8.921245063935578,68328,1.3516447727826488,59.00087417511193,0.43395713,ext
21.605257,9.438500000000001e+42,0795711401,11.946089658797787,68332,219.9227611293626,59.18320730377218,0.43804434,ext
20.918782999999998,3.3193700000000003e+42,0674360101,8.73373058209623,68535,165.01443539447456,65.02583755241176,0.37901893,ext
23.344324,0.0,0804271501,52.38855394786679,69128,213.0786832233032,85.1517134063215,0.5121337,ext
30.04125800000001,0.0,0110940101,27.93877700849305,69313,204.51675973397846,56.43824430812856,0.54480696,ext
25.48002,4.5208e+42,0671640801,21.461977320639104,70051,188.81445119469737,60.32687962702994,0.45767984,ext
28.866625,1.05177e+43,0693010301,3.5653553043738726,70740,4.7197239260302695,53.169396835658134,0.4966075,ext
34.724533,2.7309200000000012e+42,0744411801,-9.5070095584066,70868,10.123137554044805,58.75231227135558,0.43757787,ext
27.890306,2.26084e+43,0724441001,-8.072245120931626,71133,337.92617041916014,55.46462827433061,0.47247443,ext
32.588837,2.15877e+43,0690470201,22.56435548088395,71645,125.90195847347252,51.84462149842943,0.5795616,ext
27.097047999999997,1.9455e+43,0201470101,48.05413045629214,71747,145.61250064435504,78.65118551532078,0.50346273,ext
27.356382,3.02688e+43,0405860101,-2.116956886374205,72414,352.0497760869385,57.45298775725587,0.44331825,ext
32.329506,8.87398e+42,0067340601,8.081490425767202,73445,241.93975738973472,57.08702063095643,0.45333025,ext
40.002753999999996,1.23887e+43,0673180201,1.0895503462839191,73626,140.16601774028152,50.67035008992207,0.5319218000000001,ext
25.464766,1.2894e+43,0504101501,64.38306114966929,73801,206.59758605244824,120.27105219889336,0.5116890000000001,ext
29.766668,1.4553400000000004e+43,0677681232,-7.338835772083023,73958,31.45965811195897,61.02619428056215,0.41164818,ext
31.963385,2.0968e+43,0677610132,-4.094326998356266,74170,33.05785748203485,54.12952524229695,0.48423448,ext
32.024406,2.13008e+43,0060370901,53.857831750576324,74803,235.7833980662181,95.19310747837153,0.45767194,ext
35.334732,6.44523e+42,0783670101,-5.632588198898118,75040,341.58308308605615,52.67834595788372,0.5055784999999999,ext
24.015543,9.73822e+42,0765081001,53.5335537270445,75920,212.91201433440048,98.97863125679578,0.42834958,ext
22.032396,0.0,0803950201,43.191201342959396,75945,153.78999633593787,89.09203081382202,0.37361279999999997,ext
25.87665,6.30062e+43,0085030101,58.81259151123396,75977,134.22058752512802,111.72087740735606,0.43855006,ext
31.627775,7.86397e+43,0763910501,-5.732462569835858,76028,35.398449418382455,52.986384329500424,0.5013889,ext
22.169691,0.0,0200080233,6.381613129389009,76470,168.26839055199318,64.32105348591222,0.38183957,ext
36.66192,9.45724e+42,0106060501,13.91709263826294,76763,187.84709179769283,55.02028170227504,0.4920071,ext
24.885077,8.223780000000002e+42,0693661401,23.91782239681855,76915,259.27431254065795,58.864615855713964,0.48661962,ext
21.864592000000002,0.0,0803950501,36.90210293678809,76938,232.7638164939537,74.88726136235755,0.41779825,ext
31.444715000000002,9.67324e+43,0655340138,-1.9232222414834184,77738,132.39814425756504,53.485008521215605,0.49133858,ext
34.465202000000005,0.0,0802750101,32.922354029350394,78120,152.5017219637576,57.871923859704566,0.5667807,ext
26.639398999999997,6.66049e+42,0048740101,2.7936071186729423,78719,31.782493627123298,57.45290396228171,0.44364032,ext
39.331534999999995,4.6835700000000004e+42,0300890101,4.350500546737462,78860,11.414196721731004,49.00474551661134,0.56173766,ext
29.019175,2.94823e+43,0677640136,-5.214360328984454,80098,31.577300641787662,52.309948974244946,0.51032484,ext
21.818827,5.09481e+42,0601780801,47.01514977360402,80416,182.25651586114103,77.2685390876859,0.50194144,ext
23.801973,9.45209e+42,0504101401,52.44967962319375,80800,177.10350978916168,93.69335158196463,0.44675645,ext
30.575182,3.31015e+43,0200020101,17.86367444733987,80855,189.74067535230216,54.40569880541943,0.51485795,ext
34.480453000000004,2.08659e+43,0203390801,20.5822877408922,81370,357.71238830826684,57.696075564854254,0.48395273,ext
24.152838,1.26317e+43,0111282601,0.3926152816270229,81379,206.33198678132268,56.61684934217419,0.45223767,ext
31.932875,2.95381e+43,0404240101,5.163826171412401,81971,208.75442893270963,51.43762517665209,0.52314794,ext
24.595232,2.59911e+43,0677610132,-4.019942756667296,82317,33.09928301787323,57.392907993525455,0.44510242,ext
21.757807,2.4697e+43,0502790201,-8.964843069002436,82455,36.78718373966436,61.46425252929646,0.4098826,ext
22.734125,7.454800000000002e+42,0602200201,19.531478941230787,82838,175.79026175476295,57.98261299016758,0.47584390000000004,ext
31.64303,1.95398e+43,0655571401,27.454283990045237,83206,241.53372506451905,62.820204511263,0.46237513,ext
24.488447,2.548970000000001e+43,0411980401,-4.119509085957781,83488,42.139903155438994,54.37573800695645,0.48107344,ext
23.16126400000001,5.37541e+42,0652010401,-6.243442832118857,85839,0.6544022720800058,57.51014759269273,0.44601709999999994,ext
21.544237,0.0,0803951801,4.4192570747723865,86793,145.69101264498389,59.19486364049362,0.42640442,ext
20.293329999999997,6.055330000000001e+43,0085030101,58.58768680779474,87471,133.81943043590368,108.74124385616142,0.4515613000000001,ext
30.529417,4.21675e+47,0677690139,-6.8293741851558565,88195,30.796146781582465,57.5532053651898,0.44629106,ext
21.010313,4.09999e+42,0402250201,42.49845412456017,88321,225.37625559364525,79.1741434394794,0.43303886,ext
23.634169,1.33999e+46,0677610133,-4.233076724481056,88478,32.829830769624856,58.840909238244876,0.42986897,ext
20.995058,1.14808e+43,0205090101,7.324354611920488,88579,185.974524327851,57.98902769985261,0.44220665,ext
28.988665,1.8923e+43,0606431201,-8.417901665772574,89162,42.47073109418901,55.17413892253842,0.4766794,ext
20.567919,1.1329300000000001e+43,0083000101,43.708064758072396,89715,113.55253551904221,86.5910195526908,0.39296696,ext
28.088621000000003,1.4062900000000002e+43,0747440139,-0.18010736914219544,90384,27.522654757284442,54.38868454495491,0.47910723,ext
21.986631,2.65954e+43,0677650139,-5.4719933528515545,91018,31.00027989527865,55.223299016888916,0.47177708,ext
28.134386,1.20036e+43,0760230301,4.306517900460728,91055,229.05508977201725,52.76606613626882,0.50284755,ext
22.53581,7.912870000000002e+43,0782530201,33.730802644065086,91141,185.27116302666192,60.99081339617669,0.5309446,ext
27.798777,1.02552e+43,0025740201,30.306710602926145,91185,201.35664975956,63.40014922221826,0.47471526,ext
25.96818,6.32774e+43,0554500401,23.36728986250665,91385,119.74177568143317,53.332181161130165,0.5600779,ext
20.04925,5.61565e+42,0301900401,28.04167904170508,92055,181.834094401202,57.539181405161344,0.52999127,ext
23.32907,0.0,0201150101,6.773906450987539,92404,325.67165063907163,54.126136106924605,0.48743024,ext
29.431059,0.0,0673150401,29.78716664615772,93234,138.76163463619002,58.82748275755603,0.5258015,ext
26.105473999999997,0.0,0025541601,3.5848926427758236,93992,21.196432248384497,54.47966189504996,0.47930762,ext
22.123926,1.93844e+43,0110940101,28.193813615312862,94524,204.81894861350682,61.255534040378734,0.48428026,ext
21.590002,1.06627e+43,0673002332,-0.2794284496012616,94774,353.2282846147793,55.25724955853093,0.46827236,ext
23.069735,1.0684500000000001e+44,0677681231,-7.368454946612671,94939,31.037084023859574,53.65399832887334,0.49463904,ext
23.512129,0.0,0206400101,29.795712025344468,95568,340.4564489868,62.837056838361605,0.47729892,ext
33.473625,9.18131e+42,0743900401,-4.985532004098218,95743,346.4946993113414,50.87943792407259,0.5315159,ext
25.922415,0.0,0804270601,51.830188840059044,95816,212.79375232756058,91.96975078421019,0.44973448,ext
22.53581,0.0,0201150101,6.8266320159460845,96110,325.5900177847988,53.758761943936406,0.49237663,ext
25.769865,6.159150000000002e+43,0106060301,13.2401625505499,96269,187.82083936485645,55.93588275670527,0.47833842,ext
26.563124,3.142950000000001e+43,0404968601,-3.4217642384509945,97850,33.61918722240054,50.77034915671561,0.53163147,ext
21.269648,0.0,0110070401,21.885923403737987,99227,118.7321695604779,63.043740723497876,0.43173462,ext
31.048085999999998,0.0,0674740101,25.34235670839078,99413,211.71795112347462,55.85783680571694,0.53474593,ext
28.805605,0.0,0502060301,-0.7778619573597024,100239,217.7285430901506,51.62496302942827,0.517262,ext
24.137583,9.68952e+42,0747390147,0.2759951544401438,101645,17.53794869583116,53.984468538381236,0.48433727,ext
24.702017,1.46169e+43,0505880201,50.50819898354529,102499,157.96149575394898,87.32970212802229,0.46484079999999994,ext
27.432657,1.27174e+43,0067540201,31.983619497627554,102952,11.98902774095228,67.61290838972513,0.4440281,ext
20.705214,2.09013e+43,0765090801,53.837184194476535,104787,212.38035563970647,83.77435327516878,0.55191755,ext
22.87142,7.08842e+42,0152530101,27.96745740215348,104880,122.67753077218464,66.47287380390026,0.42956275,ext
34.541472999999996,0.0,0783230101,26.453355906716908,105092,251.17236760643908,58.99610243608322,0.50003,ext
25.525785,2.26421e+43,0655380201,2.361636623760059,105472,357.05852219266734,53.50391769736689,0.49128804,ext
22.47479,8.42238e+42,0111160101,50.382933393255215,105993,203.37811703115128,85.87869196538804,0.47439572,ext
27.432657,4.0366100000000003e+43,0725310138,-0.06132052400039064,106373,136.90919466046134,51.392942288350696,0.5206695,ext
24.595232,9.19172e+42,0785102201,-5.2967528682165,107693,36.01449680149469,52.708740984539304,0.5047372999999999,ext
22.68836,0.0,0025740201,30.373593397229424,108039,201.3242249808061,60.6094597508104,0.5074820999999999,ext
20.781488,0.0,0802750101,32.9098358585842,109554,152.60813776422575,61.59283927743218,0.515953,ext
30.529417,2.85544e+42,0202870201,9.068138737707127,109788,160.2125220004312,51.06113594924864,0.53569263,ext
24.564722,3.239880000000001e+43,0602340401,52.53387684257879,112058,166.9872399849374,86.44835146867536,0.5032816,ext
22.32224,1.81568e+42,0504480301,-0.5394884551985474,114804,220.68136786534717,55.44750126401823,0.4659819000000001,ext
30.285337,4.57322e+44,0070340501,33.48325104812344,114809,187.0283854321995,62.73179095907153,0.5070408,ext
26.502104,3.29201e+43,0677590140,-5.152907625678734,115192,38.80156520768178,52.308841226047775,0.51026106,ext
20.415369000000002,6.05914e+42,0673000133,0.6213703696316567,115286,334.6056409432372,59.512604371934685,0.42149237,ext
22.62734,7.43218e+42,0404967601,-4.083435944298407,115944,33.678171336118034,57.14049843848272,0.44794798,ext
22.764635000000002,0.0,0803951401,26.488021747382497,116617,191.5719484523073,57.01546951868295,0.526184,ext
22.108670999999998,0.0,0801891101,-1.0133900157539633,116702,166.77410114399478,52.67150948345716,0.5022015999999999,ext
32.863426000000004,4.1971800000000003e+43,0763911301,0.0634407796475077,117788,333.1332691525785,51.0821554586073,0.52539307,ext
21.056078,9.28101e+42,0211080701,-0.4105531089001493,118733,204.89125695737914,57.90773705050469,0.43799207,ext
20.613684,2.27839e+43,0761590401,46.89759815688353,118932,250.05265822790005,77.07995467718547,0.50211763,ext
33.870255,2.7259900000000003e+43,0677610134,-4.06280578978476,119423,32.59773995292273,47.544073158664446,0.58809316,ext
27.036028,1.0086500000000001e+43,0693460401,-7.750355274167572,119521,343.8199943743288,53.55197883213805,0.49665794,ext
21.300158,3.5814e+42,0406740101,39.19694448851289,119680,119.4799001479144,75.02421929161756,0.43548504,ext
24.930841,3.22013e+43,0146990101,12.98417716447581,120559,155.63340030211197,53.55274506097203,0.50901556,ext
25.60206,0.0,0009650101,-2.9689697841824865,120866,343.82381531191214,52.784118017666515,0.5015022,ext
23.008715,0.0,0803950101,23.15981605694397,120905,177.3134835588941,56.664678757942966,0.51025563,ext
26.685163,8.01382e+42,0201860101,10.834213020762991,121505,214.0648282766116,51.48392326680096,0.5334161000000001,ext
20.293329999999997,1.9779400000000002e+43,0304570101,58.8915680910656,121571,195.15132583518047,96.1938632093279,0.54747206,ext
21.681532,0.0,0677630136,-5.054157814746646,121648,31.550685353096696,49.99867366926338,0.5457327,ext
26.074965,4.27593e+42,0200431101,-7.5265385365782675,121728,27.59195630392016,59.568143674806606,0.42604357,ext
25.083391,7.002540000000002e+43,0553911801,-3.4246820109156486,122894,34.872050539807184,50.69118106324595,0.53287923,ext
24.030798,9.44219e+42,0111290201,41.12425424878534,123988,149.3316085452857,63.082788104122756,0.5862801999999999,ext
26.547869,0.0,0303110201,64.48013937046065,125009,159.8111501476594,120.50022554873294,0.5129259,ext
26.258024,1.4401400000000002e+43,0081340801,2.8166218438259825,126216,183.6338888539984,51.82913319822546,0.5150935000000001,ext
29.370039000000002,0.0,0070340201,53.660683656367006,126261,151.9707442274437,85.6977938620048,0.5300312,ext
28.27168,8.670260000000002e+43,0148742401,35.36502391458222,128073,181.48179691032138,63.97498152485923,0.50920683,ext
25.84614,5.35491e+42,0744220401,30.998388862375368,128484,235.40001298975938,56.781480323661526,0.5651118,ext
33.565155,6.50024e+43,0747420137,-0.3875503883598017,128532,23.70295766334249,48.886476937521195,0.5613514000000001,ext
23.359579999999998,1.01301e+43,0728980201,12.752344841360767,129039,151.96635994347062,55.17393493137206,0.48657694,ext
20.842508,7.375630000000002e+42,0784521101,39.30153757478389,129193,246.6909389870647,68.43303278257054,0.49814412,ext
32.634605,2.4147e+43,0763050301,20.555563658952888,130513,115.12921686791124,56.1418155040144,0.5035488,ext
20.491644,5.11548e+42,0041170201,25.177155554992066,131885,150.0767841165552,60.37504648203367,0.47592959999999995,ext
28.820859999999996,6.62815e+42,0742740401,19.146667564359003,132100,26.535301361386644,55.0951866681018,0.5109902,ext
23.100245,1.02845e+43,0302580701,4.547014165001288,132259,326.5339926113392,55.533854719988085,0.46702242,ext
25.357979999999998,4.34538e+42,0693662501,17.758629355038575,133927,137.58438818327272,56.75727946899087,0.48343262,ext
22.551064999999998,1.0772400000000001e+43,0067540201,31.93591010004514,136045,12.434613665804136,64.26209565888215,0.47723266,ext
20.842508,1.49288e+43,0762920201,2.988126089667588,136049,150.33546609736956,54.944385889120895,0.47303483,ext
28.3327,2.37353e+43,0602200201,19.612207022995264,136200,175.90657173087018,52.16765085424413,0.55691916,ext
25.54104,0.0,0802200401,5.050502909842453,136368,40.66170409675374,49.070326702667444,0.5614473000000001,ext
21.208628,7.97915e+42,0504100601,9.381182398328695,136739,189.72628634545654,53.012619460662336,0.5072992000000001,ext
22.825654999999998,6.45838e+42,0744411901,-9.101342370574306,137123,10.683709335548258,59.92958942430988,0.4248241,ext
21.971376,8.704970000000002e+42,0021740201,27.452892608519715,137814,197.58243140448693,55.62344551406113,0.5531783,ext
26.30379000000001,7.25564e+42,0652810201,50.06560270222553,137826,162.12167953952832,74.7272291984018,0.5778477,ext
21.284903,0.0,0111291101,6.511721524820155,137946,184.80162294596897,53.79648267786479,0.49141318,ext
26.608889,2.66973e+43,0403190901,54.86280566529243,138312,130.47831702735056,84.68247778523619,0.5639496999999999,ext
24.457937,9.62677e+42,0404968601,-3.3650427773486298,138781,33.5087336420186,52.650337990175444,0.50366247,ext
35.79238,1.16574e+43,0793183601,26.11240884547952,139551,239.91361502221875,53.75018951269794,0.5724281999999999,ext
27.661482,1.30328e+43,0655346835,1.7602747474640421,140416,331.7328899710075,52.6553601401929,0.5026661,ext
22.886675,9.09058e+42,0744413301,3.4522036198600734,140647,184.34791907272395,54.47129669194055,0.47931623,ext
22.398516,5.94934e+42,0407030101,0.1363499943431171,141041,5.711714988301222,49.73779315605533,0.5468363,ext
24.152838,4.980200000000001e+43,0747440136,-0.3047376418128729,141642,27.57198997285359,48.61879287317947,0.5660696,ext
20.095015,0.0,0206180201,65.93752502354809,145358,201.18382844116783,130.55545191614328,0.49435568,ext
22.26122,1.26512e+43,0560192001,-1.7225644277962089,145759,11.387630540193243,49.64898982566055,0.5486888000000001,ext
26.929243,0.0,0161560131,-6.9540528225440665,146928,347.3677904490528,51.78089327905582,0.5205616,ext
31.261656,7.14302e+42,0200431101,-7.4219342309609,147083,27.58126391129641,50.49073185412993,0.54141736,ext
21.544237,7.76445e+42,0406541301,-1.2263827450121336,149511,165.66511701906512,52.00970498026436,0.511709,ext
35.83815,2.18283e+43,0094530401,24.70201052946733,150064,121.33272200880108,56.41616359739032,0.52277124,ext
20.217054,1.12972e+43,0763460201,15.291591246134008,152149,119.59730092183572,59.7685885689998,0.44071826,ext
23.832483,6.73236e+43,0553560801,47.43321516195865,153433,146.96227790130786,78.34792018894632,0.49754372,ext
23.985032999999998,1.92392e+43,0147670301,13.048667042762848,154837,130.29353419236566,52.15972221977836,0.52954775,ext
21.315413,1.56325e+43,0304070201,24.15615640395393,155247,156.95258039625867,56.706524916353374,0.5154742,ext
22.337495999999998,3.534e+43,0747190833,-6.811208022356441,155379,32.17678028475998,50.76138320584107,0.5360129,ext
24.168093,8.445040000000001e+42,0109080301,65.5652361842309,155519,200.9850010780977,127.75898314326923,0.4996224,ext
26.654653999999997,4.77606e+43,0556210201,-8.68272706246394,155548,1.4864758799605795,50.66310823821336,0.54117167,ext
22.398516,9.63305e+42,0124712401,28.1266941045314,157941,195.5017850421345,58.522167434171024,0.5174031,ext
25.38849,0.0,0503600201,31.17915663844329,158110,116.75576420806952,56.76598649725406,0.5669873000000001,ext
27.41740200000001,1.88703e+43,0302580701,4.183038993323917,159883,326.5187702571729,50.00753361066472,0.5445770000000001,ext
22.093416,0.0,0602340701,67.05926580358026,160395,183.060728085106,130.1581309322728,0.5307788,ext
22.764635000000002,6.470480000000001e+42,0141570101,12.720892851142045,161400,188.917454548222,55.4505358081542,0.48296094,ext
20.339094,1.27495e+43,0112850101,17.553206087099163,161558,148.76750007999954,56.32150640179816,0.48808354,ext
24.564722,1.52752e+43,0067340601,7.989588841403313,161988,241.87398400052518,50.050007206300506,0.5497333000000001,ext
22.56632,5.515950000000001e+43,0106060301,13.255521770191422,162392,187.66549503982128,54.18934445558534,0.50105286,ext
30.941301,5.374410000000001e+43,0042341301,0.3501322776649463,163757,354.61504558594413,51.272231209304664,0.5225012,ext
28.988665,2.26842e+43,0601780401,21.68772291819696,163978,174.1802308450336,54.24431190961059,0.53598994,ext
32.131187,1.0360900000000001e+43,0106060901,15.436781400496994,164630,187.86734815779369,50.3528668386366,0.56751984,ext
20.644194,4.46413e+42,0103660101,43.88012524214814,164812,213.26141672344883,80.09471040534208,0.43986446,ext
21.040823,1.41775e+43,0694580101,12.019271641649365,165721,334.67565712412426,50.82771142949696,0.5472387,ext
22.62734,4.97774e+42,0747190631,-6.250096401033511,166433,31.096191826232857,51.58852773183327,0.5223454000000001,ext
25.922415,1.10915e+43,0108860101,10.662319240732538,168699,185.64253076177857,49.3897669290277,0.56750935,ext
20.659449,0.0,0747390137,-0.39196054934583335,173407,17.836479418829025,49.9010376557365,0.5441627,ext
20.308584,6.131210000000001e+41,0112370601,-5.001733742929137,175473,34.16824776883,53.26923262535104,0.49661416,ext
22.5053,1.2518300000000002e+43,0761950201,38.51862415762986,175883,254.00024150243615,65.75218657601454,0.5198795999999999,ext
22.368006,2.60067e+43,0655800501,43.19559013935274,176017,181.80904220616557,68.72415685149917,0.54086584,ext
27.020773,9.134370000000001e+43,0653680601,52.60784371067031,176968,243.2680302778214,79.7149912460327,0.56981707,ext
24.396917000000002,2.68435e+43,0143150601,53.15106933162093,178772,138.37931322262142,85.52983033608825,0.52217615,ext
22.26122,6.1672e+42,0404968501,-3.5656646370520093,179885,33.85290133634072,50.890325438962236,0.52988225,ext
21.681532,1.33845e+43,0414980101,10.49690145267092,181973,187.26867482903683,53.88135300333943,0.4978059,ext
24.763037,3.62951e+42,0080540101,33.19770677980099,183623,21.269823674533946,60.87276627509368,0.52760917,ext
21.971376,6.39762e+42,0556212901,59.52216101424861,184182,161.1411401260936,98.49152298359058,0.54324794,ext
20.827253,4.28022e+42,0502690601,23.18213909835444,185130,178.41020176714417,58.8076626900488,0.4833522,ext
22.612085,2.4129800000000003e+43,0204791101,5.171341899380533,186319,150.0542242770926,52.812039066998295,0.50313425,ext
23.359579999999998,6.17881e+43,0504620301,38.04157691481103,187858,157.585127792505,63.71955929531623,0.5395329000000001,ext
27.173323,2.06316e+43,0763460301,38.3134884514937,188206,247.4295835911623,67.20090080829095,0.50129384,ext
21.620511999999998,0.0,0827010801,14.524021070801375,189013,173.0488243006641,51.46749790241074,0.5454241999999999,ext
23.420599,2.5107600000000003e+43,0047540601,47.468841328617756,189362,176.2897874828767,74.68033477953213,0.53472614,ext
25.205431,0.0,0553910701,-5.836836954583004,191635,35.37060075306461,48.054662167663764,0.5808844,ext
23.649424,0.0,0741600101,27.99357920895273,191657,17.59378642490816,58.26270776834832,0.5198674,ext
28.60729000000001,0.0,0300140101,42.64351724875021,196751,217.5699091348697,64.76905519629099,0.5839231,ext
22.596829999999997,2.01255e+43,0502060201,38.70325704077024,196885,129.99282487335267,65.2681655436595,0.52765334,ext
26.27328,3.85092e+43,0674810101,-9.178094549515622,198295,37.2077736371734,51.00610786317361,0.5368104,ext
23.969778,2.16639e+43,0306370601,46.48614282970786,199198,152.97634544309682,73.18230318917358,0.5362511,ext
25.281706,1.3449800000000007e+46,0503350201,29.700916982609982,199385,153.04213336539772,56.23000941294549,0.56210524,ext
20.674704000000002,5.76194e+42,0673002331,-0.1556984941129251,199413,353.33669281665505,54.59706063300018,0.476463,ext
29.919218,1.5705e+43,0655343853,-9.590708091357564,199426,34.15764718537759,50.68152968044899,0.5429604,ext
21.895101999999998,9.54825e+42,0124712101,28.32680139294321,201864,194.34163752758653,56.218380885582064,0.55103844,ext
26.288534000000002,3.77732e+43,0153030101,25.40336229537898,202389,10.45807162438848,57.637112020209,0.5107429,ext
20.888273,7.241160000000002e+42,0693010601,-3.9900313367062283,202473,332.826627657224,58.519700033934896,0.43300492,ext
20.766233,0.0,0111290201,41.45562022587579,202590,149.25683038632167,76.02745728012223,0.44812313,ext
22.26122,1.89288e+43,0302160401,-2.1202522250967792,203563,190.16152181172242,53.93033571864407,0.48551872,ext
26.288534000000002,2.34936e+43,0111281701,-0.4601133486910681,205743,205.77503801652543,48.7712421735182,0.5633889,ext
22.215456,1.0937800000000001e+43,0403160301,-9.218617665963801,210426,25.03988632398569,55.460903302217446,0.47460636,ext
21.330667000000002,0.0,0802860201,0.7203063472550836,212404,173.25480824050788,49.75823818031131,0.5465576999999999,ext
22.078160999999998,9.7712e+42,0560192001,-1.5903887946505395,216567,11.499913501077655,51.07624137940334,0.5257757,ext
21.025568,5.32985e+43,0556211401,59.33448404109744,217745,162.46786490227794,93.30352054378181,0.5849958000000001,ext
25.083391,4.88937e+43,0724441001,-7.959993319429978,218370,338.1402233143493,50.87719802804713,0.5362665,ext
24.991861,6.25419e+42,0500760101,13.525560282915876,219855,168.10496195890352,50.5150268189027,0.5573861,ext
24.915585999999998,6.94679e+43,0744100601,7.558451195389846,220360,347.4264464486241,51.3609406264095,0.527965,ext
20.689958999999998,1.23377e+43,0553911401,-4.53013718770336,223108,33.791640418349125,52.11909351597228,0.512314,ext
24.85456700000001,1.38081e+44,0143650101,24.35091865471353,223724,233.0002056611136,52.463039553549606,0.5810665,ext
24.198603,2.62116e+43,0673850601,34.585419544982024,225279,234.93941288252628,61.914507170035904,0.5270691,ext
23.710442999999998,6.890100000000001e+42,0402830101,31.20524720585656,226275,186.7956587396204,60.046427093948296,0.5211799,ext
27.753012,1.92602e+43,0677610134,-4.141716125323959,226841,32.50376082551106,49.02851057634905,0.5610944999999999,ext
22.062905999999998,1.42405e+43,0304160201,33.241251783417525,229235,17.802737641246722,61.82193824592588,0.515994,ext
22.215456,8.80153e+40,0148560501,5.570338120117634,230655,157.67452566509866,51.86377775169149,0.5172838,ext
20.476389,2.5092100000000003e+45,0106060301,13.22670764277118,234036,187.74311855043285,50.574864595466806,0.5553405,ext
23.527384,1.8493200000000002e+43,0094800201,66.028724307366,234489,175.06509791409147,129.94907062702623,0.50035506,ext
26.547869,6.42057e+42,0402750601,26.35123032554776,236227,7.520254681592632,53.38404689071652,0.58029276,ext
20.125525,4.555810000000001e+43,0673002333,-0.5132655963558372,236392,353.20097469692024,55.21411027443719,0.46881855,ext
21.879847,1.02238e+43,0112552001,21.800916447280827,238424,154.36377388384776,55.41221947135,0.5198214,ext
24.000288,4.909510000000001e+43,0655381501,15.741678342912314,239482,356.95404166944166,51.872075707524345,0.5437164000000001,ext
24.946096,2.26239e+44,0301651001,9.939953407989467,246489,356.02839362278917,49.330455790345695,0.56657004,ext
20.125525,6.821570000000001e+42,0302581801,37.964483523356265,247486,133.78992447753592,63.94609463042116,0.53581786,ext
21.162863,7.961340000000002e+43,0745320101,1.6466559806507823,247563,349.0998024074189,49.1804110296016,0.5565948000000001,ext
20.598429,0.0,0693430401,10.473204570653037,250260,163.29537228620492,49.12532380143375,0.5716446999999999,ext
21.879847,8.408470000000003e+42,0302581801,37.979839187360895,254110,134.2606848305346,61.84867032355896,0.56371087,ext
22.703615,1.45168e+43,0747430146,0.16569541910257207,257835,25.421590349382612,49.54816436241174,0.5500067,ext
21.544237,2.41451e+43,0677690138,-7.214521665535731,270095,30.90959990053041,51.388160588118126,0.52694255,ext
20.857763000000002,1.1179e+43,0763910301,-9.469787431147749,278206,31.023904890341807,51.2645813775606,0.5334228,ext
22.230711,1.6488500000000001e+43,0741032901,33.017749150769184,282331,239.4310766356773,58.914984655507396,0.5524965000000001,ext
22.596829999999997,0.0,0301450401,25.43176293637515,285494,13.886943262549494,53.321521304209796,0.57442033,ext
22.5053,0.0,0745320101,1.6803781388807657,287160,348.79485779639367,49.162579220433145,0.55690557,ext
21.345922,4.99049e+43,0650381701,29.76771807677305,289164,131.30970700301194,58.10490911769648,0.53545403,ext
21.284903,3.74802e+43,0700180201,-8.593228002618165,290689,24.22669335886188,52.01889458709985,0.52003044,ext
20.07976,3.4853600000000016e+42,0693662501,17.876806925675574,295787,137.6835275945454,53.82431882983383,0.5231983,ext
20.01874,4.41359e+42,0550540101,13.801137976883707,300113,187.3292514078494,53.59259079940557,0.5110166,ext
20.217054,8.299090000000002e+42,0106060901,15.523691724066296,302269,187.87013979454983,52.04864160911029,0.5400749,ext
20.873018,2.0197e+49,0312191101,55.6809647178435,315601,136.07289009843498,86.10132020074843,0.56738895,ext
22.38326,3.088380000000001e+43,0762870501,-0.4423867967249776,334452,214.00228177127983,48.078199746794326,0.5758444,ext
20.186544,0.0,0106060201,13.171919961203015,335161,187.6233125681353,50.63420968566561,0.55416274,ext
30.788752000000002,0.0,0827020101,20.824340843927747,372918,330.24898983919684,55.0052790926884,0.5203793,ext
20.979803,1.19893e+43,0742500101,23.125557050255843,377658,157.53928915301532,54.268588512866245,0.5440216,ext
25.739355,1.12082e+43,0762500901,51.7636715794682,398752,214.46008824814686,79.47946456287127,0.55606985,ext
21.910357,2.5605300000000002e+45,0693661001,40.042809392831224,429203,215.19747759587003,62.5447545469342,0.57945496,ext
26.24277,0.0,0744930301,-9.263241554495336,446432,10.237555492315664,51.58625810898201,0.52798617,ext
23.557894,1.30963e+43,0670900501,27.145797360588087,452876,252.6878751577658,59.94361688370873,0.4928795999999999,ext
21.422197,0.0,0103260601,26.63769552211765,594878,126.5877431399605,55.21147377621105,0.55332494,ext
